budget,predicted_score
20,42.71057433623861
21,43.9942344702504
22,45.27789460426219
23,46.56155473827397
24,47.845214872285766
25,49.12887500629755
26,50.412535140309345
27,51.54253514030934
28,52.67253514030934
29,53.80253514030934
30,54.93253514030934
31,56.062535140309336
32,57.192535140309346
33,58.32253514030934
34,59.45253514030934
35,60.58253514030933
36,61.71253514030934
37,62.84253514030934
38,63.97253514030933
39,65.10253514030934
40,66.23253514030934
41,67.36253514030933
42,68.49253514030934
43,69.62253514030934
44,70.75253514030933
45,71.88253514030934
46,73.01253514030934
47,74.14253514030933
48,75.27253514030934
49,76.40253514030934
50,77.53253514030934
