budget,seed,root_value
100,0,75.8
100,1,73.6
100,2,72.0
100,3,74.75
100,4,74.85
100,5,73.65
100,6,74.2
100,7,74.75
100,8,74.8
100,9,75.3
100,10,73.95
100,11,75.95
100,12,73.4
100,13,75.95
100,14,73.6
100,15,75.25
100,16,74.95
100,17,75.45
100,18,73.75
100,19,74.4
500,0,75.31
500,1,74.87
500,2,76.14
500,3,75.33
500,4,74.58
500,5,75.9
500,6,75.3
500,7,75.04
500,8,74.21
500,9,75.37
500,10,75.08
500,11,76.61
500,12,75.06
500,13,75.69
500,14,75.78
500,15,75.5
500,16,75.74
500,17,75.41
500,18,75.37
500,19,74.88
1000,0,76.28
1000,1,74.5
1000,2,75.23
1000,3,75.5
1000,4,75.78
1000,5,75.53
1000,6,75.26
1000,7,75.645
1000,8,76.235
1000,9,75.795
1000,10,76.11
1000,11,75.85
1000,12,75.585
1000,13,75.145
1000,14,75.785
1000,15,75.055
1000,16,75.99
1000,17,74.655
1000,18,75.12
1000,19,74.8
5000,0,76.313
5000,1,76.5
5000,2,76.289
5000,3,76.198
5000,4,76.34
5000,5,76.196
5000,6,75.912
5000,7,76.128
5000,8,75.488
5000,9,76.298
5000,10,76.129
5000,11,76.181
5000,12,75.912
5000,13,76.329
5000,14,76.131
5000,15,76.147
5000,16,76.765
5000,17,75.676
5000,18,76.555
5000,19,76.176
20000,0,76.8565
20000,1,77.08
20000,2,77.146
20000,3,77.05275
20000,4,76.9995
20000,5,76.456
20000,6,76.86025
20000,7,76.872
20000,8,76.76725
20000,9,77.12075
20000,10,77.1915
20000,11,76.80775
20000,12,76.316
20000,13,76.9265
20000,14,76.34225
20000,15,76.887
20000,16,76.9935
20000,17,76.60175
20000,18,76.83075
20000,19,76.945
