t,k,f,s,exact_action,mcts_action,agree,value_lost
11,4,2,3,tutoring,tutoring,True,0.0
9,5,0,3,tutoring,tutoring,True,0.0
3,6,2,0,rest,rest,True,0.0
4,10,2,1,rest,tutoring,False,0.0
1,2,1,2,rest,rest,True,0.0
0,2,0,1,tutoring,tutoring,True,0.0
5,5,0,0,group_study,group_study,True,0.0
1,4,0,0,group_study,group_study,True,0.0
2,2,0,1,group_study,self_study,False,0.3489654545513048
8,1,0,3,tutoring,tutoring,True,0.0
6,0,2,1,rest,rest,True,0.0
0,8,2,4,rest,rest,True,0.0
5,9,0,0,group_study,group_study,True,0.0
8,4,0,3,tutoring,group_study,False,0.44625000000000625
8,1,0,4,tutoring,tutoring,True,0.0
0,6,0,1,tutoring,tutoring,True,0.0
2,3,1,1,rest,rest,True,0.0
11,5,1,1,tutoring,tutoring,True,0.0
7,2,2,1,rest,rest,True,0.0
4,2,2,2,rest,rest,True,0.0
8,0,0,0,group_study,group_study,True,0.0
8,7,1,3,rest,rest,True,0.0
5,5,0,3,tutoring,tutoring,True,0.0
7,1,2,3,rest,rest,True,0.0
10,3,0,4,tutoring,tutoring,True,0.0
2,7,2,3,rest,rest,True,0.0
7,7,1,3,rest,rest,True,0.0
10,2,0,3,tutoring,tutoring,True,0.0
0,2,2,0,rest,group_study,False,0.7580131547207571
9,9,2,0,rest,rest,True,0.0
4,8,1,3,rest,rest,True,0.0
6,9,2,0,rest,rest,True,0.0
7,3,1,4,rest,rest,True,0.0
10,4,1,1,tutoring,group_study,False,0.12250000000000227
7,6,1,1,rest,rest,True,0.0
11,9,0,0,group_study,group_study,True,0.0
5,1,0,4,tutoring,tutoring,True,0.0
5,5,2,3,rest,rest,True,0.0
7,7,0,0,group_study,group_study,True,0.0
4,9,2,3,rest,rest,True,0.0
10,10,0,3,rest,rest,True,0.0
4,3,2,2,rest,rest,True,0.0
1,7,2,4,rest,tutoring,False,0.21850983273884594
11,7,0,1,tutoring,tutoring,True,0.0
1,4,0,1,group_study,group_study,True,0.0
3,7,2,4,rest,rest,True,0.0
2,10,2,4,rest,rest,True,0.0
4,8,0,3,group_study,tutoring,False,0.0
9,3,0,0,group_study,group_study,True,0.0
6,6,1,3,rest,rest,True,0.0
6,6,0,3,tutoring,tutoring,True,0.0
10,6,0,2,tutoring,tutoring,True,0.0
0,6,1,3,rest,rest,True,0.0
4,6,0,3,tutoring,tutoring,True,0.0
8,9,2,4,rest,rest,True,0.0
0,3,1,1,rest,rest,True,0.0
10,7,1,0,group_study,group_study,True,0.0
4,8,2,1,rest,rest,True,0.0
3,0,0,4,tutoring,group_study,False,0.010937500000011369
4,0,1,0,rest,rest,True,0.0
5,1,1,3,rest,rest,True,0.0
8,1,1,1,rest,rest,True,0.0
4,2,0,4,tutoring,tutoring,True,0.0
5,10,0,4,rest,group_study,False,0.0
4,2,1,2,rest,rest,True,0.0
0,9,0,0,group_study,self_study,False,0.0008152428687679958
10,8,2,3,tutoring,tutoring,True,0.0
6,5,0,4,tutoring,tutoring,True,0.0
7,2,2,4,rest,rest,True,0.0
4,3,0,3,group_study,tutoring,False,1.4210854715202004e-14
5,1,2,2,rest,rest,True,0.0
6,9,0,1,group_study,group_study,True,0.0
11,10,2,0,rest,rest,True,0.0
11,5,2,2,tutoring,tutoring,True,0.0
11,0,0,4,tutoring,tutoring,True,0.0
0,0,0,4,group_study,tutoring,False,1.4210854715202004e-14
11,5,2,1,tutoring,tutoring,True,0.0
7,4,1,1,rest,rest,True,0.0
9,3,0,3,tutoring,tutoring,True,0.0
5,3,1,0,rest,rest,True,0.0
0,9,2,4,rest,rest,True,0.0
9,5,1,0,rest,rest,True,0.0
3,5,0,4,tutoring,tutoring,True,0.0
2,10,0,1,rest,rest,True,0.0
4,6,1,4,rest,rest,True,0.0
6,2,0,0,group_study,group_study,True,0.0
7,2,0,3,tutoring,tutoring,True,0.0
10,10,0,0,rest,group_study,False,0.0
10,0,0,3,tutoring,tutoring,True,0.0
6,7,2,3,rest,rest,True,0.0
2,6,1,0,rest,rest,True,0.0
2,9,1,0,rest,group_study,False,0.00836131826088149
7,8,1,4,rest,rest,True,0.0
4,3,1,1,rest,rest,True,0.0
7,10,1,1,rest,self_study,False,0.0
10,3,0,1,tutoring,tutoring,True,0.0
11,1,1,4,tutoring,tutoring,True,0.0
9,9,0,0,group_study,group_study,True,0.0
9,1,2,4,rest,rest,True,0.0
9,10,0,0,rest,rest,True,0.0
3,6,2,4,rest,rest,True,0.0
3,9,0,1,group_study,tutoring,False,1.4210854715202004e-14
0,0,1,4,rest,rest,True,0.0
11,4,2,2,tutoring,tutoring,True,0.0
11,0,2,2,tutoring,tutoring,True,0.0
11,9,2,3,tutoring,tutoring,True,0.0
8,8,2,2,rest,rest,True,0.0
8,10,0,1,rest,self_study,False,0.0
11,4,0,4,tutoring,tutoring,True,0.0
3,3,1,4,rest,rest,True,0.0
4,4,1,0,rest,rest,True,0.0
10,1,0,1,tutoring,group_study,False,0.08750000000001279
6,9,2,1,rest,rest,True,0.0
0,7,1,0,rest,rest,True,0.0
0,10,1,2,rest,self_study,False,0.0
10,4,0,2,tutoring,tutoring,True,0.0
5,9,2,1,rest,rest,True,0.0
0,1,2,3,rest,group_study,False,0.7575329670300448
1,5,1,4,rest,rest,True,0.0
8,9,0,0,group_study,group_study,True,0.0
6,2,2,0,rest,rest,True,0.0
10,5,2,0,group_study,group_study,True,0.0
2,7,0,2,group_study,tutoring,False,1.4210854715202004e-14
8,6,2,1,rest,rest,True,0.0
5,10,2,2,rest,tutoring,False,0.0
5,4,1,2,rest,rest,True,0.0
10,10,1,0,rest,self_study,False,0.0
7,9,1,2,rest,rest,True,0.0
8,4,1,4,rest,rest,True,0.0
10,6,1,2,tutoring,tutoring,True,0.0
3,3,0,4,tutoring,tutoring,True,0.0
9,4,0,2,tutoring,tutoring,True,0.0
11,2,1,4,tutoring,tutoring,True,0.0
1,9,2,3,rest,rest,True,0.0
4,3,1,0,rest,rest,True,0.0
2,8,0,0,group_study,group_study,True,0.0
10,0,0,0,group_study,group_study,True,0.0
8,9,0,1,group_study,self_study,False,0.054698983828117775
11,0,1,3,tutoring,tutoring,True,0.0
9,9,1,3,rest,rest,True,0.0
4,1,0,1,group_study,tutoring,False,0.0
6,6,0,4,tutoring,tutoring,True,0.0
5,10,0,2,rest,self_study,False,0.0
6,1,0,2,group_study,tutoring,False,1.4210854715202004e-14
8,7,0,3,tutoring,tutoring,True,0.0
11,1,2,0,group_study,group_study,True,0.0
10,4,2,3,tutoring,tutoring,True,0.0
1,10,0,3,rest,self_study,False,0.0
0,9,2,1,rest,rest,True,0.0
4,4,2,4,rest,rest,True,0.0
4,7,0,4,tutoring,tutoring,True,0.0
9,1,1,4,rest,rest,True,0.0
0,10,0,1,rest,rest,True,0.0
8,10,0,0,rest,rest,True,0.0
5,9,0,4,tutoring,group_study,False,0.0018066782601380282
0,6,0,3,group_study,self_study,False,0.07885324358515788
8,0,2,3,rest,rest,True,0.0
5,10,1,3,rest,self_study,False,0.0
8,10,1,2,rest,group_study,False,0.0
9,0,1,2,rest,tutoring,False,0.5118750000000034
4,10,1,2,rest,self_study,False,0.0
0,10,2,2,rest,tutoring,False,0.0
4,2,2,0,rest,rest,True,0.0
11,7,2,2,tutoring,tutoring,True,0.0
7,0,1,3,rest,rest,True,0.0
0,1,0,0,group_study,self_study,False,0.3494043501723354
11,7,1,1,tutoring,tutoring,True,0.0
0,6,1,1,rest,tutoring,False,0.3088268862928487
5,7,2,1,rest,rest,True,0.0
9,4,0,3,tutoring,tutoring,True,0.0
3,5,0,0,group_study,self_study,False,0.29839044928024805
7,10,1,0,rest,rest,True,0.0
5,5,2,1,rest,rest,True,0.0
11,0,2,3,tutoring,tutoring,True,0.0
1,0,1,2,rest,rest,True,0.0
5,9,1,1,rest,rest,True,0.0
0,4,2,3,rest,rest,True,0.0
4,4,2,2,rest,self_study,False,0.8758781991449496
3,9,1,0,rest,rest,True,0.0
0,10,2,1,rest,tutoring,False,0.0
10,3,1,3,tutoring,tutoring,True,0.0
11,7,1,3,tutoring,tutoring,True,0.0
0,1,2,4,rest,self_study,False,0.8957169609804936
6,7,2,2,rest,rest,True,0.0
8,9,1,3,rest,rest,True,0.0
1,8,1,3,rest,rest,True,0.0
2,9,1,4,rest,rest,True,0.0
2,3,0,2,group_study,tutoring,False,2.842170943040401e-14
8,10,2,1,rest,group_study,False,0.0
6,4,2,4,rest,rest,True,0.0
8,5,0,3,tutoring,tutoring,True,0.0
1,4,1,4,rest,rest,True,0.0
1,6,0,4,group_study,tutoring,False,0.0
0,4,0,0,group_study,group_study,True,0.0
11,8,0,1,tutoring,tutoring,True,0.0
10,10,1,2,rest,group_study,False,0.0
11,10,2,4,rest,group_study,False,0.0
9,8,1,4,rest,rest,True,0.0
7,0,2,4,rest,rest,True,0.0
7,4,1,4,rest,tutoring,False,0.886585624999995
