t,k,f,s,action,value
0,0,0,0,group_study,69.4541580335535
0,0,0,1,group_study,70.15328577876042
0,0,0,2,group_study,70.85132142972279
0,0,0,3,group_study,71.54766829927448
0,0,0,4,group_study,72.2416422755064
0,0,1,0,rest,67.55477348081618
0,0,1,1,rest,68.25460424746146
0,0,1,2,rest,68.95405438326631
0,0,1,3,rest,69.652775539058
0,0,1,4,rest,70.35031810693437
0,0,2,0,rest,65.654150390625
0,0,2,1,rest,66.35413418633365
0,0,2,2,rest,67.05402977626558
0,0,2,3,rest,67.75368333335571
0,0,2,4,rest,68.45285303182261
0,1,0,0,group_study,74.44907848257014
0,1,0,1,group_study,75.14170503397628
0,1,0,2,group_study,75.82953442597666
0,1,0,3,group_study,76.51134917491858
0,1,0,4,group_study,77.18594773623276
0,1,1,0,rest,72.55379952188365
0,1,1,1,rest,73.25140359009961
0,1,1,2,rest,73.94652394389686
0,1,1,3,rest,74.63814674552316
0,1,1,4,rest,75.32520518919539
0,1,2,0,rest,70.65405802616422
0,1,2,1,rest,71.35353330637221
0,1,2,2,rest,72.05201407513272
0,1,2,3,rest,72.74879936572431
0,1,2,4,rest,73.44307719913316
0,2,0,0,group_study,79.4053309503681
0,2,0,1,tutoring,80.06851816543035
0,2,0,2,group_study,80.71888483551622
0,2,0,3,group_study,81.355176721949
0,2,0,4,group_study,81.9763058160593
0,2,1,0,rest,77.53980459086222
0,2,1,1,rest,78.22250545364962
0,2,1,2,rest,78.8962870588187
0,2,1,3,rest,79.5596644337372
0,2,1,4,rest,80.21128052371424
0,2,2,0,rest,75.65103439068113
0,2,2,1,rest,76.34466507699894
0,2,2,2,rest,77.03300680744553
0,2,2,3,rest,77.71456630661498
0,2,2,4,rest,78.38790201222304
0,3,0,0,group_study,84.18129126015003
0,3,0,1,group_study,84.76254931793983
0,3,0,2,group_study,85.3218118448174
0,3,0,3,group_study,85.85885535321648
0,3,0,4,group_study,86.37361977106232
0,3,1,0,rest,82.43649497448752
0,3,1,1,rest,83.0636373790216
0,3,1,2,rest,83.67161089687838
0,3,1,3,rest,84.25962037911133
0,3,1,4,rest,84.82708271792862
0,3,2,0,rest,80.61368246178012
0,3,2,1,rest,81.27522753796404
0,3,2,2,rest,81.92167560933004
0,3,2,3,rest,82.55166773588263
0,3,2,4,rest,83.16408068850217
0,4,0,0,group_study,88.43578309040663
0,4,0,1,group_study,88.86930994150754
0,4,0,2,group_study,89.27784415063252
0,4,0,3,group_study,89.662396187105
0,4,0,4,group_study,90.02399380683582
0,4,1,0,rest,86.98814423686738
0,4,1,1,rest,87.48989456288356
0,4,1,2,rest,87.96565812253176
0,4,1,3,rest,88.41612251912157
0,4,1,4,rest,88.84205313704177
0,4,2,0,rest,85.38204211875544
0,4,2,1,rest,85.94762600128453
0,4,2,2,rest,86.48786905635455
0,4,2,3,rest,87.00292452822151
0,4,2,4,rest,87.49310348990454
0,5,0,0,group_study,91.70449905807513
0,5,0,1,group_study,91.96007954966657
0,5,0,2,group_study,92.19666492231548
0,5,0,3,tutoring,92.41557328275238
0,5,0,4,group_study,92.61804234320881
0,5,1,0,rest,90.72417372970416
0,5,1,1,rest,91.04553010611775
0,5,1,2,rest,91.34412706643386
0,5,1,3,rest,91.62141424217694
0,5,1,4,rest,91.87876899164947
0,5,2,0,rest,89.54317021397205
0,5,2,1,rest,89.93777873672923
0,5,2,2,rest,90.30617401136251
0,5,2,3,rest,90.64981758914317
0,5,2,4,rest,90.97012620849917
0,6,0,0,group_study,93.71798693281275
0,6,0,1,tutoring,93.82900542973923
0,6,0,2,group_study,93.93048802496413
0,6,0,3,group_study,94.0232458539378
0,6,0,4,group_study,94.10802187302873
0,6,1,0,rest,93.21901967999634
0,6,1,1,rest,93.37106186911313
0,6,1,2,rest,93.51027329594471
0,6,1,3,rest,93.63772128200507
0,6,1,4,rest,93.75438598657418
0,6,2,0,rest,92.55999825047643
0,6,2,1,rest,92.76461584476218
0,6,2,2,rest,92.95235895173691
0,6,2,3,rest,93.12458903034067
0,6,2,4,rest,93.28256094387098
0,7,0,0,group_study,94.64439332924174
0,7,0,1,tutoring,94.67720297288237
0,7,0,2,group_study,94.70698435893323
0,7,0,3,group_study,94.73401709424472
0,7,0,4,group_study,94.75855495888062
0,7,1,0,rest,94.46955419642354
0,7,1,1,rest,94.51832122621414
0,7,1,2,rest,94.56260318037972
0,7,1,3,rest,94.60281270484965
0,7,1,4,rest,94.63932446547992
0,7,2,0,rest,94.21640397115928
0,7,2,1,rest,94.28811639222805
0,7,2,2,rest,94.35326380808544
0,7,2,3,rest,94.41244742421513
0,7,2,4,rest,94.46621336954823
0,8,0,0,group_study,94.93822527620557
0,8,0,1,group_study,94.944053015582
0,8,0,2,group_study,94.94933108120787
0,8,0,3,group_study,94.95411130863764
0,8,0,4,group_study,94.95844064610787
0,8,1,0,rest,94.90109387286137
0,8,1,1,rest,94.91043375749318
0,8,1,2,rest,94.91889185614386
0,8,1,3,rest,94.92655140095152
0,8,1,4,rest,94.93348776938703
0,8,2,0,rest,94.84245813840683
0,8,2,1,rest,94.85735180362015
0,8,2,2,rest,94.87083781548145
0,8,2,3,rest,94.88304918324421
0,8,2,4,rest,94.8941063511378
0,9,0,0,group_study,94.99499207952044
0,9,0,1,group_study,94.9954579325883
0,9,0,2,group_study,94.99588045048708
0,9,0,3,group_study,94.99626366439524
0,9,0,4,group_study,94.99661123049802
0,9,1,0,rest,94.99141357278721
0,9,1,1,rest,94.99221231020235
0,9,1,2,rest,94.99293674646259
0,9,1,3,rest,94.99359379330328
0,9,1,4,rest,94.99418971950763
0,9,2,0,rest,94.98529377381946
0,9,2,1,rest,94.98666179485951
0,9,2,2,rest,94.9879025581284
0,9,2,3,rest,94.98902790155832
0,9,2,4,rest,94.99004856187847
0,10,0,0,rest,95.0
0,10,0,1,rest,95.0
0,10,0,2,rest,95.0
0,10,0,3,rest,95.0
0,10,0,4,rest,95.0
0,10,1,0,rest,95.0
0,10,1,1,rest,95.0
0,10,1,2,rest,95.0
0,10,1,3,rest,95.0
0,10,1,4,rest,95.0
0,10,2,0,rest,95.0
0,10,2,1,rest,95.0
0,10,2,2,rest,95.0
0,10,2,3,rest,95.0
0,10,2,4,rest,95.0
1,0,0,0,group_study,67.55477348081618
1,0,0,1,group_study,68.25460424746146
1,0,0,2,group_study,68.95405438326631
1,0,0,3,group_study,69.652775539058
1,0,0,4,group_study,70.35031810693437
1,0,1,0,rest,65.654150390625
1,0,1,1,rest,66.35413418633365
1,0,1,2,rest,67.05402977626558
1,0,1,3,rest,67.75368333335571
1,0,1,4,rest,68.45285303182261
1,0,2,0,rest,63.75544921875
1,0,2,1,rest,64.45544921875
1,0,2,2,rest,65.15543924380918
1,0,2,3,rest,65.85537482738619
1,0,2,4,rest,66.55515666358431
1,1,0,0,group_study,72.55379952188365
1,1,0,1,group_study,73.25140359009961
1,1,0,2,group_study,73.94652394389686
1,1,0,3,group_study,74.63814674552316
1,1,0,4,group_study,75.32520518919539
1,1,1,0,rest,70.65405802616422
1,1,1,1,rest,71.35353330637221
1,1,1,2,rest,72.05201407513272
1,1,1,3,rest,72.74879936572431
1,1,1,4,rest,73.44307719913316
1,1,2,0,rest,68.75544921875
1,1,2,1,rest,69.45539236158733
1,1,2,2,rest,70.155068535219
1,1,2,3,rest,70.8541060184809
1,1,2,4,rest,71.55199656375065
1,2,0,0,group_study,77.53980459086222
1,2,0,1,group_study,78.22250545364962
1,2,0,2,group_study,78.8962870588187
1,2,0,3,group_study,79.5596644337372
1,2,0,4,group_study,80.21128052371424
1,2,1,0,rest,75.65103439068113
1,2,1,1,rest,76.34466507699894
1,2,1,2,rest,77.03300680744553
1,2,1,3,rest,77.71456630661498
1,2,1,4,rest,78.38790201222304
1,2,2,0,rest,73.7551251329227
1,2,2,1,rest,74.45352640190741
1,2,2,2,rest,75.14945348262903
1,2,2,3,rest,75.8416515457325
1,2,2,4,rest,76.52881493576069
1,3,0,0,group_study,82.43649497448752
1,3,0,1,tutoring,83.0636373790216
1,3,0,2,group_study,83.67161089687838
1,3,0,3,tutoring,84.25962037911133
1,3,0,4,group_study,84.82708271792862
1,3,1,0,rest,80.61368246178012
1,3,1,1,rest,81.27522753796404
1,3,1,2,rest,81.92167560933004
1,3,1,3,rest,82.55166773588263
1,3,1,4,rest,83.16408068850217
1,3,2,0,rest,78.7458975146669
1,3,2,1,rest,79.42966469250877
1,3,2,2,rest,80.10308964138109
1,3,2,3,rest,80.7643940026524
1,3,2,4,rest,81.41201187254255
1,4,0,0,group_study,86.98814423686738
1,4,0,1,group_study,87.48989456288356
1,4,0,2,group_study,87.96565812253176
1,4,0,3,group_study,88.41612251912157
1,4,0,4,tutoring,88.84205313704177
1,4,1,0,rest,85.38204211875544
1,4,1,1,rest,85.94762600128453
1,4,1,2,rest,86.48786905635455
1,4,1,3,rest,87.00292452822151
1,4,1,4,rest,87.49310348990454
1,4,2,0,rest,83.65018693230215
1,4,2,1,rest,84.2702180319433
1,4,2,2,rest,84.86752170847174
1,4,2,3,rest,85.44152145537953
1,4,2,4,rest,85.99188885151302
1,5,0,0,group_study,90.72417372970416
1,5,0,1,group_study,91.04553010611775
1,5,0,2,group_study,91.34412706643386
1,5,0,3,group_study,91.62141424217694
1,5,0,4,tutoring,91.87876899164947
1,5,1,0,rest,89.54317021397205
1,5,1,1,rest,89.93777873672923
1,5,1,2,rest,90.30617401136251
1,5,1,3,rest,90.64981758914317
1,5,1,4,rest,90.97012620849917
1,5,2,0,rest,88.1628472979227
1,5,2,1,rest,88.63435493253246
1,5,2,2,rest,89.0771561924765
1,5,2,3,rest,89.49252147277733
1,5,2,4,rest,89.88173268145515
1,6,0,0,group_study,93.21901967999634
1,6,0,1,group_study,93.37106186911313
1,6,0,2,group_study,93.51027329594471
1,6,0,3,group_study,93.63772128200507
1,6,0,4,group_study,93.75438598657418
1,6,1,0,rest,92.55999825047643
1,6,1,1,rest,92.76461584476218
1,6,1,2,rest,92.95235895173691
1,6,1,3,rest,93.12458903034067
1,6,1,4,rest,93.28256094387098
1,6,2,0,rest,91.71151039740707
1,6,2,1,rest,91.98107316305
1,6,2,2,rest,92.22908340829278
1,6,2,3,rest,92.45720515865591
1,6,2,4,rest,92.66698056598618
1,7,0,0,group_study,94.46955419642354
1,7,0,1,group_study,94.51832122621414
1,7,0,2,group_study,94.56260318037972
1,7,0,3,group_study,94.60281270484965
1,7,0,4,tutoring,94.63932446547992
1,7,1,0,rest,94.21640397115928
1,7,1,1,rest,94.28811639222805
1,7,1,2,rest,94.35326380808544
1,7,1,3,rest,94.41244742421513
1,7,1,4,rest,94.46621336954823
1,7,2,0,rest,93.85603575059994
1,7,2,1,rest,93.96008968648603
1,7,2,2,rest,94.05467720432974
1,7,2,3,rest,94.14065970340172
1,7,2,4,rest,94.21882018117068
1,8,0,0,group_study,94.90109387286137
1,8,0,1,group_study,94.91043375749318
1,8,0,2,tutoring,94.91889185614386
1,8,0,3,group_study,94.92655140095152
1,8,0,4,tutoring,94.93348776938703
1,8,1,0,rest,94.84245813840683
1,8,1,1,rest,94.85735180362015
1,8,1,2,rest,94.87083781548145
1,8,1,3,rest,94.88304918324421
1,8,1,4,rest,94.8941063511378
1,8,2,0,rest,94.75045293613812
1,8,2,1,rest,94.77407598336447
1,8,2,2,rest,94.7954634571868
1,8,2,3,rest,94.81482686030674
1,8,2,4,rest,94.83235769123182
1,9,0,0,group_study,94.99141357278721
1,9,0,1,group_study,94.99221231020235
1,9,0,2,group_study,94.99293674646259
1,9,0,3,group_study,94.99359379330328
1,9,0,4,group_study,94.99418971950763
1,9,1,0,rest,94.98529377381946
1,9,1,1,rest,94.98666179485951
1,9,1,2,rest,94.9879025581284
1,9,1,3,rest,94.98902790155832
1,9,1,4,rest,94.99004856187847
1,9,2,0,rest,94.97476935542333
1,9,2,1,rest,94.97711639212814
1,9,2,2,rest,94.97924509983714
1,9,2,3,rest,94.98117578822439
1,9,2,4,rest,94.98292687769187
1,10,0,0,rest,95.0
1,10,0,1,rest,95.0
1,10,0,2,rest,95.0
1,10,0,3,rest,95.0
1,10,0,4,rest,95.0
1,10,1,0,rest,95.0
1,10,1,1,rest,95.0
1,10,1,2,rest,95.0
1,10,1,3,rest,95.0
1,10,1,4,rest,95.0
1,10,2,0,rest,95.0
1,10,2,1,rest,95.0
1,10,2,2,rest,95.0
1,10,2,3,rest,95.0
1,10,2,4,rest,95.0
2,0,0,0,group_study,65.654150390625
2,0,0,1,group_study,66.35413418633365
2,0,0,2,group_study,67.05402977626558
2,0,0,3,group_study,67.75368333335571
2,0,0,4,group_study,68.45285303182261
2,0,1,0,rest,63.75544921875
2,0,1,1,rest,64.45544921875
2,0,1,2,rest,65.15543924380918
2,0,1,3,rest,65.85537482738619
2,0,1,4,rest,66.55515666358431
2,0,2,0,rest,61.85285156250001
2,0,2,1,rest,62.55285156250001
2,0,2,2,rest,63.252851562500005
2,0,2,3,rest,63.952845422185554
2,0,2,4,rest,64.65280568028318
2,1,0,0,group_study,70.65405802616422
2,1,0,1,group_study,71.35353330637221
2,1,0,2,group_study,72.05201407513272
2,1,0,3,tutoring,72.74879936572431
2,1,0,4,group_study,73.44307719913316
2,1,1,0,rest,68.75544921875
2,1,1,1,rest,69.45539236158733
2,1,1,2,rest,70.155068535219
2,1,1,3,rest,70.8541060184809
2,1,1,4,rest,71.55199656375065
2,1,2,0,rest,66.8528515625
2,1,2,1,rest,67.55285156250001
2,1,2,2,rest,68.25281656270766
2,1,2,3,rest,68.9526167173008
2,1,2,4,rest,69.65200739376199
2,2,0,0,group_study,75.65103439068113
2,2,0,1,group_study,76.34466507699894
2,2,0,2,group_study,77.03300680744553
2,2,0,3,tutoring,77.71456630661498
2,2,0,4,tutoring,78.38790201222304
2,2,1,0,rest,73.7551251329227
2,2,1,1,rest,74.45352640190741
2,2,1,2,rest,75.14945348262903
2,2,1,3,rest,75.8416515457325
2,2,1,4,rest,76.52881493576069
2,2,2,0,rest,71.8528515625
2,2,2,1,rest,72.55265206368357
2,2,2,2,rest,73.25166504045336
2,2,2,3,rest,73.94906416490342
2,2,2,4,rest,74.64387400553028
2,3,0,0,group_study,80.61368246178012
2,3,0,1,group_study,81.27522753796404
2,3,0,2,group_study,81.92167560933004
2,3,0,3,group_study,82.55166773588263
2,3,0,4,tutoring,83.16408068850217
2,3,1,0,rest,78.7458975146669
2,3,1,1,rest,79.42966469250877
2,3,1,2,rest,80.10308964138109
2,3,1,3,rest,80.7643940026524
2,3,1,4,rest,81.41201187254255
2,3,2,0,rest,76.85171441924628
2,3,2,1,rest,77.54695533169078
2,3,2,2,rest,78.23644132347096
2,3,2,3,rest,78.91828118621865
2,3,2,4,rest,79.590703530424
2,4,0,0,group_study,85.38204211875544
2,4,0,1,tutoring,85.94762600128453
2,4,0,2,group_study,86.48786905635455
2,4,0,3,group_study,87.00292452822151
2,4,0,4,tutoring,87.49310348990454
2,4,1,0,rest,83.65018693230215
2,4,1,1,rest,84.2702180319433
2,4,1,2,rest,84.86752170847174
2,4,1,3,rest,85.44152145537953
2,4,1,4,rest,85.99188885151302
2,4,2,0,rest,81.82418463257078
2,4,2,1,rest,82.48505997774488
2,4,2,2,rest,83.12783426306106
2,4,2,3,rest,83.75108405435856
2,4,2,4,rest,84.35371422520396
2,5,0,0,group_study,89.54317021397205
2,5,0,1,group_study,89.93777873672923
2,5,0,2,group_study,90.30617401136251
2,5,0,3,group_study,90.64981758914317
2,5,0,4,tutoring,90.97012620849917
2,5,1,0,rest,88.1628472979227
2,5,1,1,rest,88.63435493253246
2,5,1,2,rest,89.0771561924765
2,5,1,3,rest,89.49252147277733
2,5,1,4,rest,89.88173268145515
2,5,2,0,rest,86.59172193824483
2,5,2,1,rest,87.13842131028005
2,5,2,2,rest,87.6557123074358
2,5,2,3,rest,88.14437096100451
2,5,2,4,rest,88.60528075156371
2,6,0,0,group_study,92.55999825047643
2,6,0,1,tutoring,92.76461584476218
2,6,0,2,group_study,92.95235895173691
2,6,0,3,group_study,93.12458903034067
2,6,0,4,tutoring,93.28256094387098
2,6,1,0,rest,91.71151039740707
2,6,1,1,rest,91.98107316305
2,6,1,2,rest,92.22908340829278
2,6,1,3,rest,92.45720515865591
2,6,1,4,rest,92.66698056598618
2,6,2,0,rest,90.6426574208246
2,6,2,1,rest,90.98956488791329
2,6,2,2,rest,91.30988951760676
2,6,2,3,rest,91.60555173916887
2,6,2,4,rest,91.87834687401414
2,7,0,0,group_study,94.21640397115928
2,7,0,1,group_study,94.28811639222805
2,7,0,2,group_study,94.35326380808544
2,7,0,3,group_study,94.41244742421513
2,7,0,4,tutoring,94.46621336954823
2,7,1,0,rest,93.85603575059994
2,7,1,1,rest,93.96008968648603
2,7,1,2,rest,94.05467720432974
2,7,1,3,rest,94.14065970340172
2,7,1,4,rest,94.21882018117068
2,7,2,0,rest,93.35046308994956
2,7,2,1,rest,93.49930913388259
2,7,2,2,rest,93.63472550678782
2,7,2,3,rest,93.7579237959258
2,7,2,4,rest,93.87000628995524
2,8,0,0,group_study,94.84245813840683
2,8,0,1,group_study,94.85735180362015
2,8,0,2,group_study,94.87083781548145
2,8,0,3,tutoring,94.88304918324421
2,8,0,4,tutoring,94.8941063511378
2,8,1,0,rest,94.75045293613812
2,8,1,1,rest,94.77407598336447
2,8,1,2,rest,94.7954634571868
2,8,1,3,rest,94.81482686030674
2,8,1,4,rest,94.83235769123182
2,8,2,0,rest,94.60746538119922
2,8,2,1,rest,94.64468066873654
2,8,2,2,rest,94.67836891191907
2,8,2,3,rest,94.70886426902555
2,8,2,4,rest,94.73646925001775
2,9,0,0,group_study,94.98529377381946
2,9,0,1,group_study,94.98666179485951
2,9,0,2,group_study,94.9879025581284
2,9,0,3,group_study,94.98902790155832
2,9,0,4,group_study,94.99004856187847
2,9,1,0,rest,94.97476935542333
2,9,1,1,rest,94.97711639212814
2,9,1,2,rest,94.97924509983714
2,9,1,3,rest,94.98117578822439
2,9,1,4,rest,94.98292687769187
2,9,2,0,rest,94.95682959257417
2,9,2,1,rest,94.96084544442775
2,9,2,2,rest,94.96448772866702
2,9,2,3,rest,94.96779119576776
2,9,2,4,rest,94.9707873636033
2,10,0,0,rest,95.0
2,10,0,1,rest,95.0
2,10,0,2,rest,95.0
2,10,0,3,rest,95.0
2,10,0,4,rest,95.0
2,10,1,0,rest,95.0
2,10,1,1,rest,95.0
2,10,1,2,rest,95.0
2,10,1,3,rest,95.0
2,10,1,4,rest,95.0
2,10,2,0,rest,95.0
2,10,2,1,rest,95.0
2,10,2,2,rest,95.0
2,10,2,3,rest,95.0
2,10,2,4,rest,95.0
3,0,0,0,group_study,63.75544921875
3,0,0,1,group_study,64.45544921875
3,0,0,2,group_study,65.15543924380918
3,0,0,3,tutoring,65.85537482738619
3,0,0,4,tutoring,66.55515666358431
3,0,1,0,rest,61.85285156250001
3,0,1,1,rest,62.55285156250001
3,0,1,2,rest,63.252851562500005
3,0,1,3,rest,63.952845422185554
3,0,1,4,rest,64.65280568028318
3,0,2,0,rest,59.958046875
3,0,2,1,rest,60.658046875000004
3,0,2,2,rest,61.358046875
3,0,2,3,rest,62.058046875
3,0,2,4,rest,62.73616809518193
3,1,0,0,group_study,68.75544921875
3,1,0,1,group_study,69.45539236158733
3,1,0,2,group_study,70.155068535219
3,1,0,3,group_study,70.8541060184809
3,1,0,4,tutoring,71.55199656375065
3,1,1,0,rest,66.8528515625
3,1,1,1,rest,67.55285156250001
3,1,1,2,rest,68.25281656270766
3,1,1,3,rest,68.9526167173008
3,1,1,4,rest,69.65200739376199
3,1,2,0,rest,64.958046875
3,1,2,1,rest,65.65804687500001
3,1,2,2,rest,66.35804687500001
3,1,2,3,rest,67.05802533003703
3,1,2,4,rest,67.73602699872679
3,2,0,0,group_study,73.7551251329227
3,2,0,1,tutoring,74.45352640190741
3,2,0,2,group_study,75.14945348262903
3,2,0,3,group_study,75.8416515457325
3,2,0,4,tutoring,76.52881493576069
3,2,1,0,rest,71.8528515625
3,2,1,1,rest,72.55265206368357
3,2,1,2,rest,73.25166504045336
3,2,1,3,rest,73.94906416490342
3,2,1,4,rest,74.64387400553028
3,2,2,0,rest,69.95804687500001
3,2,2,1,rest,70.65804687500001
3,2,2,2,rest,71.35792406871103
3,2,2,3,rest,72.05731470633614
3,2,2,4,rest,72.73378097469976
3,3,0,0,group_study,78.7458975146669
3,3,0,1,group_study,79.42966469250877
3,3,0,2,group_study,80.10308964138109
3,3,0,3,group_study,80.7643940026524
3,3,0,4,tutoring,81.41201187254255
3,3,1,0,rest,76.85171441924628
3,3,1,1,rest,77.54695533169078
3,3,1,2,rest,78.23644132347096
3,3,1,3,rest,78.91828118621865
3,3,1,4,rest,79.590703530424
3,3,2,0,rest,74.95804687500001
3,3,2,1,rest,75.65734687915284
3,3,2,2,rest,76.35440718234896
3,3,2,3,rest,77.04761386085502
3,3,2,4,rest,77.71345147153427
3,4,0,0,group_study,83.65018693230215
3,4,0,1,group_study,84.2702180319433
3,4,0,2,group_study,84.86752170847174
3,4,0,3,tutoring,85.44152145537953
3,4,0,4,tutoring,85.99188885151302
3,4,1,0,rest,81.82418463257078
3,4,1,1,rest,82.48505997774488
3,4,1,2,rest,83.12783426306106
3,4,1,3,rest,83.75108405435856
3,4,1,4,rest,84.35371422520396
3,4,2,0,rest,79.95405689867113
3,4,2,1,rest,80.640342538667
3,4,2,2,rest,81.3144717461663
3,4,2,3,rest,81.97427232294515
3,4,2,4,rest,82.59621230183976
3,5,0,0,group_study,88.1628472979227
3,5,0,1,group_study,88.63435493253246
3,5,0,2,tutoring,89.0771561924765
3,5,0,3,tutoring,89.49252147277733
3,5,0,4,tutoring,89.88173268145515
3,5,1,0,rest,86.59172193824483
3,5,1,1,rest,87.13842131028005
3,5,1,2,rest,87.6557123074358
3,5,1,3,rest,88.14437096100451
3,5,1,4,rest,88.60528075156371
3,5,2,0,rest,84.87447105503634
3,5,2,1,rest,85.48704006135064
3,5,2,2,rest,86.07209792585492
3,5,2,3,rest,86.6295582820103
3,5,2,4,rest,87.13890537252958
3,6,0,0,group_study,91.71151039740707
3,6,0,1,tutoring,91.98107316305
3,6,0,2,group_study,92.22908340829278
3,6,0,3,group_study,92.45720515865591
3,6,0,4,tutoring,92.66698056598618
3,6,1,0,rest,90.6426574208246
3,6,1,1,rest,90.98956488791329
3,6,1,2,rest,91.30988951760676
3,6,1,3,rest,91.60555173916887
3,6,1,4,rest,91.87834687401414
3,6,2,0,rest,89.34897698046397
3,6,2,1,rest,89.78194647219851
3,6,2,2,rest,90.18371396421422
3,6,2,3,rest,90.55629628023159
3,6,2,4,rest,90.88450084376163
3,7,0,0,group_study,93.85603575059994
3,7,0,1,group_study,93.96008968648603
3,7,0,2,group_study,94.05467720432974
3,7,0,3,tutoring,94.14065970340172
3,7,0,4,tutoring,94.21882018117068
3,7,1,0,rest,93.35046308994956
3,7,1,1,rest,93.49930913388259
3,7,1,2,rest,93.63472550678782
3,7,1,3,rest,93.7579237959258
3,7,1,4,rest,93.87000628995524
3,7,2,0,rest,92.66114744033123
3,7,2,1,rest,92.86980742971724
3,7,2,2,rest,93.05986628163764
3,7,2,3,rest,93.23298088647701
3,7,2,4,rest,93.38021595243484
3,8,0,0,group_study,94.75045293613812
3,8,0,1,group_study,94.77407598336447
3,8,0,2,group_study,94.7954634571868
3,8,0,3,tutoring,94.81482686030674
3,8,0,4,tutoring,94.83235769123182
3,8,1,0,rest,94.60746538119922
3,8,1,1,rest,94.64468066873654
3,8,1,2,rest,94.67836891191907
3,8,1,3,rest,94.70886426902555
3,8,1,4,rest,94.73646925001775
3,8,2,0,rest,94.38741001034315
3,8,2,1,rest,94.44559871832335
3,8,2,2,rest,94.49826256112743
3,8,2,3,rest,94.5459258947818
3,8,2,4,rest,94.58524657280904
3,9,0,0,group_study,94.97476935542333
3,9,0,1,group_study,94.97711639212814
3,9,0,2,group_study,94.97924509983714
3,9,0,3,group_study,94.98117578822439
3,9,0,4,tutoring,94.98292687769187
3,9,1,0,rest,94.95682959257417
3,9,1,1,rest,94.96084544442775
3,9,1,2,rest,94.96448772866702
3,9,1,3,rest,94.96779119576776
3,9,1,4,rest,94.9707873636033
3,9,2,0,rest,94.92581857218548
3,9,2,1,rest,94.93271917012171
3,9,2,2,rest,94.93897785197085
3,9,2,3,rest,94.94465433085726
3,9,2,4,rest,94.94922315476371
3,10,0,0,rest,95.0
3,10,0,1,rest,95.0
3,10,0,2,rest,95.0
3,10,0,3,rest,95.0
3,10,0,4,rest,95.0
3,10,1,0,rest,95.0
3,10,1,1,rest,95.0
3,10,1,2,rest,95.0
3,10,1,3,rest,95.0
3,10,1,4,rest,95.0
3,10,2,0,rest,95.0
3,10,2,1,rest,95.0
3,10,2,2,rest,95.0
3,10,2,3,rest,95.0
3,10,2,4,rest,95.0
4,0,0,0,group_study,61.85285156250001
4,0,0,1,group_study,62.55285156250001
4,0,0,2,tutoring,63.252851562500005
4,0,0,3,tutoring,63.952845422185554
4,0,0,4,tutoring,64.65280568028318
4,0,1,0,rest,59.958046875
4,0,1,1,rest,60.658046875000004
4,0,1,2,rest,61.358046875
4,0,1,3,rest,62.058046875
4,0,1,4,rest,62.73616809518193
4,0,2,0,rest,58.04765625
4,0,2,1,rest,58.74765625
4,0,2,2,rest,59.447656249999994
4,0,2,3,rest,60.147656250000004
4,0,2,4,rest,60.78203125
4,1,0,0,group_study,66.8528515625
4,1,0,1,group_study,67.55285156250001
4,1,0,2,tutoring,68.25281656270766
4,1,0,3,group_study,68.9526167173008
4,1,0,4,tutoring,69.65200739376199
4,1,1,0,rest,64.958046875
4,1,1,1,rest,65.65804687500001
4,1,1,2,rest,66.35804687500001
4,1,1,3,rest,67.05802533003703
4,1,1,4,rest,67.73602699872679
4,1,2,0,rest,63.047656249999996
4,1,2,1,rest,63.747656250000006
4,1,2,2,rest,64.44765625000001
4,1,2,3,rest,65.14765625
4,1,2,4,rest,65.78201798748049
4,2,0,0,group_study,71.8528515625
4,2,0,1,group_study,72.55265206368357
4,2,0,2,tutoring,73.25166504045336
4,2,0,3,group_study,73.94906416490342
4,2,0,4,tutoring,74.64387400553028
4,2,1,0,rest,69.95804687500001
4,2,1,1,rest,70.65804687500001
4,2,1,2,rest,71.35792406871103
4,2,1,3,rest,72.05731470633614
4,2,1,4,rest,72.73378097469976
4,2,2,0,rest,68.04765625
4,2,2,1,rest,68.74765625
4,2,2,2,rest,69.44765625000001
4,2,2,3,rest,70.14758065363868
4,2,2,4,rest,70.78157945241408
4,3,0,0,group_study,76.85171441924628
4,3,0,1,group_study,77.54695533169078
4,3,0,2,group_study,78.23644132347096
4,3,0,3,group_study,78.91828118621865
4,3,0,4,tutoring,79.590703530424
4,3,1,0,rest,74.95804687500001
4,3,1,1,rest,75.65734687915284
4,3,1,2,rest,76.35440718234896
4,3,1,3,rest,77.04761386085502
4,3,1,4,rest,77.71345147153427
4,3,2,0,rest,73.04765625000002
4,3,2,1,rest,73.74765625
4,3,2,2,rest,74.44722535074044
4,3,2,3,rest,75.14540951636896
4,3,2,4,rest,75.77542289808477
4,4,0,0,group_study,81.82418463257078
4,4,0,1,group_study,82.48505997774488
4,4,0,2,tutoring,83.12783426306106
4,4,0,3,group_study,83.75108405435856
4,4,0,4,tutoring,84.35371422520396
4,4,1,0,rest,79.95405689867113
4,4,1,1,rest,80.640342538667
4,4,1,2,rest,81.3144717461663
4,4,1,3,rest,81.97427232294515
4,4,1,4,rest,82.59621230183976
4,4,2,0,rest,78.04765625
4,4,2,1,rest,78.74520012422046
4,4,2,2,rest,79.43672239017309
4,4,2,3,rest,80.11969665991622
4,4,2,4,rest,80.72658556733118
4,5,0,0,group_study,86.59172193824483
4,5,0,1,tutoring,87.13842131028005
4,5,0,2,group_study,87.6557123074358
4,5,0,3,group_study,88.14437096100451
4,5,0,4,tutoring,88.60528075156371
4,5,1,0,rest,84.87447105503634
4,5,1,1,rest,85.48704006135064
4,5,1,2,rest,86.07209792585492
4,5,1,3,rest,86.6295582820103
4,5,1,4,rest,87.13890537252958
4,5,2,0,rest,83.03365633305656
4,5,2,1,rest,83.69600662364616
4,5,2,2,rest,84.33606882413837
4,5,2,3,rest,84.95247934270323
4,5,2,4,rest,85.4815186400533
4,6,0,0,group_study,90.6426574208246
4,6,0,1,tutoring,90.98956488791329
4,6,0,2,group_study,91.30988951760676
4,6,0,3,tutoring,91.60555173916887
4,6,0,4,tutoring,91.87834687401414
4,6,1,0,rest,89.34897698046397
4,6,1,1,rest,89.78194647219851
4,6,1,2,rest,90.18371396421422
4,6,1,3,rest,90.55629628023159
4,6,1,4,rest,90.88450084376163
4,6,2,0,rest,87.81409161534252
4,6,2,1,rest,88.33758431027772
4,6,2,2,rest,88.82665956626734
4,6,2,3,rest,89.28311730464947
4,6,2,4,rest,89.65538754257675
4,7,0,0,group_study,93.35046308994956
4,7,0,1,group_study,93.49930913388259
4,7,0,2,group_study,93.63472550678782
4,7,0,3,group_study,93.7579237959258
4,7,0,4,tutoring,93.87000628995524
4,7,1,0,rest,92.66114744033123
4,7,1,1,rest,92.86980742971724
4,7,1,2,rest,93.05986628163764
4,7,1,3,rest,93.23298088647701
4,7,1,4,rest,93.38021595243484
4,7,2,0,rest,91.73393211309406
4,7,2,1,rest,92.02094965688237
4,7,2,2,rest,92.28279760802285
4,7,2,3,rest,92.521678125521
4,7,2,4,rest,92.70573791077318
4,8,0,0,group_study,94.60746538119922
4,8,0,1,group_study,94.64468066873654
4,8,0,2,group_study,94.67836891191907
4,8,0,3,group_study,94.70886426902555
4,8,0,4,tutoring,94.73646925001775
4,8,1,0,rest,94.38741001034315
4,8,1,1,rest,94.44559871832335
4,8,1,2,rest,94.49826256112743
4,8,1,3,rest,94.5459258947818
4,8,1,4,rest,94.58524657280904
4,8,2,0,rest,94.05301450180814
4,8,2,1,rest,94.14316044049656
4,8,2,2,rest,94.22472961610347
4,8,2,3,rest,94.29853764327515
4,8,2,4,rest,94.35243187047867
4,9,0,0,group_study,94.95682959257417
4,9,0,1,group_study,94.96084544442775
4,9,0,2,group_study,94.96448772866702
4,9,0,3,group_study,94.96779119576776
4,9,0,4,tutoring,94.9707873636033
4,9,1,0,rest,94.92581857218548
4,9,1,1,rest,94.93271917012171
4,9,1,2,rest,94.93897785197085
4,9,1,3,rest,94.94465433085726
4,9,1,4,rest,94.94922315476371
4,9,2,0,rest,94.87338883513625
4,9,2,1,rest,94.88516661791428
4,9,2,2,rest,94.89584879299201
4,9,2,3,rest,94.90553727736484
4,9,2,4,rest,94.91230309174514
4,10,0,0,rest,95.0
4,10,0,1,rest,95.0
4,10,0,2,rest,95.0
4,10,0,3,rest,95.0
4,10,0,4,rest,95.0
4,10,1,0,rest,95.0
4,10,1,1,rest,95.0
4,10,1,2,rest,95.0
4,10,1,3,rest,95.0
4,10,1,4,rest,95.0
4,10,2,0,rest,95.0
4,10,2,1,rest,95.0
4,10,2,2,rest,95.0
4,10,2,3,rest,95.0
4,10,2,4,rest,95.0
5,0,0,0,group_study,59.958046875
5,0,0,1,tutoring,60.658046875000004
5,0,0,2,group_study,61.358046875
5,0,0,3,tutoring,62.058046875
5,0,0,4,tutoring,62.73616809518193
5,0,1,0,rest,58.04765625
5,0,1,1,rest,58.74765625
5,0,1,2,rest,59.447656249999994
5,0,1,3,rest,60.147656250000004
5,0,1,4,rest,60.78203125
5,0,2,0,rest,56.168437499999996
5,0,2,1,rest,56.86843749999999
5,0,2,2,rest,57.56843750000001
5,0,2,3,rest,58.224687499999995
5,0,2,4,rest,58.78468750000001
5,1,0,0,group_study,64.958046875
5,1,0,1,group_study,65.65804687500001
5,1,0,2,tutoring,66.35804687500001
5,1,0,3,tutoring,67.05802533003703
5,1,0,4,tutoring,67.73602699872679
5,1,1,0,rest,63.047656249999996
5,1,1,1,rest,63.747656250000006
5,1,1,2,rest,64.44765625000001
5,1,1,3,rest,65.14765625
5,1,1,4,rest,65.78201798748049
5,1,2,0,rest,61.168437499999996
5,1,2,1,rest,61.86843749999999
5,1,2,2,rest,62.568437499999995
5,1,2,3,rest,63.224687499999995
5,1,2,4,rest,63.784687500000004
5,2,0,0,group_study,69.95804687500001
5,2,0,1,group_study,70.65804687500001
5,2,0,2,tutoring,71.35792406871103
5,2,0,3,tutoring,72.05731470633614
5,2,0,4,tutoring,72.73378097469976
5,2,1,0,rest,68.04765625
5,2,1,1,rest,68.74765625
5,2,1,2,rest,69.44765625000001
5,2,1,3,rest,70.14758065363868
5,2,1,4,rest,70.78157945241408
5,2,2,0,rest,66.1684375
5,2,2,1,rest,66.86843750000001
5,2,2,2,rest,67.5684375
5,2,2,3,rest,68.22468750000002
5,2,2,4,rest,68.78464096484376
5,3,0,0,group_study,74.95804687500001
5,3,0,1,group_study,75.65734687915284
5,3,0,2,tutoring,76.35440718234896
5,3,0,3,tutoring,77.04761386085502
5,3,0,4,tutoring,77.71345147153427
5,3,1,0,rest,73.04765625000002
5,3,1,1,rest,73.74765625
5,3,1,2,rest,74.44722535074044
5,3,1,3,rest,75.14540951636896
5,3,1,4,rest,75.77542289808477
5,3,2,0,rest,71.16843750000001
5,3,2,1,rest,71.86843750000001
5,3,2,2,rest,72.5684375
5,3,2,3,rest,73.2244222496094
5,3,2,4,rest,73.78330961640626
5,4,0,0,group_study,79.95405689867113
5,4,0,1,group_study,80.640342538667
5,4,0,2,group_study,81.3144717461663
5,4,0,3,tutoring,81.97427232294515
5,4,0,4,tutoring,82.59621230183976
5,4,1,0,rest,78.04765625
5,4,1,1,rest,78.74520012422046
5,4,1,2,rest,79.43672239017309
5,4,1,3,rest,80.11969665991622
5,4,1,4,rest,80.72658556733118
5,4,2,0,rest,76.16843750000001
5,4,2,1,rest,76.86843750000001
5,4,2,2,rest,77.56692557277344
5,4,2,3,rest,78.21793502839846
5,4,2,4,rest,78.76709471179686
5,5,0,0,group_study,84.87447105503634
5,5,0,1,group_study,85.48704006135064
5,5,0,2,tutoring,86.07209792585492
5,5,0,3,tutoring,86.6295582820103
5,5,0,4,tutoring,87.13890537252958
5,5,1,0,rest,83.03365633305656
5,5,1,1,rest,83.69600662364616
5,5,1,2,rest,84.33606882413837
5,5,1,3,rest,84.95247934270323
5,5,1,4,rest,85.4815186400533
5,5,2,0,rest,81.16843750000001
5,5,2,1,rest,81.8598195148086
5,5,2,2,rest,82.53651866404688
5,5,2,3,rest,83.15228459026173
5,5,2,4,rest,83.65571060518751
5,6,0,0,group_study,89.34897698046397
5,6,0,1,group_study,89.78194647219851
5,6,0,2,group_study,90.18371396421422
5,6,0,3,tutoring,90.55629628023159
5,6,0,4,tutoring,90.88450084376163
5,6,1,0,rest,87.81409161534252
5,6,1,1,rest,88.33758431027772
5,6,1,2,rest,88.82665956626734
5,6,1,3,rest,89.28311730464947
5,6,1,4,rest,89.65538754257675
5,6,2,0,rest,86.11931498440899
5,6,2,1,rest,86.72395057246915
5,6,2,2,rest,87.29436364739962
5,6,2,3,rest,87.79006908959728
5,6,2,4,rest,88.17403138051836
5,7,0,0,group_study,92.66114744033123
5,7,0,1,group_study,92.86980742971724
5,7,0,2,tutoring,93.05986628163764
5,7,0,3,tutoring,93.23298088647701
5,7,0,4,tutoring,93.38021595243484
5,7,1,0,rest,91.73393211309406
5,7,1,1,rest,92.02094965688237
5,7,1,2,rest,92.28279760802285
5,7,1,3,rest,92.521678125521
5,7,1,4,rest,92.70573791077318
5,7,2,0,rest,90.55832950626524
5,7,2,1,rest,90.93945901823321
5,7,2,2,rest,91.28805843855899
5,7,2,3,rest,91.57459937584883
5,7,2,4,rest,91.78318738626524
5,8,0,0,group_study,94.38741001034315
5,8,0,1,group_study,94.44559871832335
5,8,0,2,tutoring,94.49826256112743
5,8,0,3,tutoring,94.5459258947818
5,8,0,4,tutoring,94.58524657280904
5,8,1,0,rest,94.05301450180814
5,8,1,1,rest,94.14316044049656
5,8,1,2,rest,94.22472961610347
5,8,1,3,rest,94.29853764327515
5,8,1,4,rest,94.35243187047867
5,8,2,0,rest,93.55509494439883
5,8,2,1,rest,93.69304855798555
5,8,2,2,rest,93.81783961765976
5,8,2,3,rest,93.91503703740898
5,8,2,4,rest,93.98191818899257
5,9,0,0,group_study,94.92581857218548
5,9,0,1,group_study,94.93271917012171
5,9,0,2,group_study,94.93897785197085
5,9,0,3,tutoring,94.94465433085726
5,9,0,4,tutoring,94.94922315476371
5,9,1,0,rest,94.87338883513625
5,9,1,1,rest,94.88516661791428
5,9,1,2,rest,94.89584879299201
5,9,1,3,rest,94.90553727736484
5,9,1,4,rest,94.91230309174514
5,9,2,0,rest,94.78158126805195
5,9,2,1,rest,94.80189928962852
5,9,2,2,rest,94.82032726268632
5,9,2,3,rest,94.83406864450038
5,9,2,4,rest,94.84312238036443
5,10,0,0,rest,95.0
5,10,0,1,rest,95.0
5,10,0,2,rest,95.0
5,10,0,3,rest,95.0
5,10,0,4,rest,95.0
5,10,1,0,rest,95.0
5,10,1,1,rest,95.0
5,10,1,2,rest,95.0
5,10,1,3,rest,95.0
5,10,1,4,rest,95.0
5,10,2,0,rest,95.0
5,10,2,1,rest,95.0
5,10,2,2,rest,95.0
5,10,2,3,rest,95.0
5,10,2,4,rest,95.0
6,0,0,0,group_study,58.04765625
6,0,0,1,tutoring,58.74765625
6,0,0,2,group_study,59.447656249999994
6,0,0,3,tutoring,60.147656250000004
6,0,0,4,tutoring,60.78203125
6,0,1,0,rest,56.168437499999996
6,0,1,1,rest,56.86843749999999
6,0,1,2,rest,57.56843750000001
6,0,1,3,rest,58.224687499999995
6,0,1,4,rest,58.78468750000001
6,0,2,0,rest,54.226875
6,0,2,1,rest,54.926874999999995
6,0,2,2,rest,55.626875
6,0,2,3,rest,56.239375
6,0,2,4,rest,56.49312500000001
6,1,0,0,group_study,63.047656249999996
6,1,0,1,group_study,63.747656250000006
6,1,0,2,group_study,64.44765625000001
6,1,0,3,tutoring,65.14765625
6,1,0,4,tutoring,65.78201798748049
6,1,1,0,rest,61.168437499999996
6,1,1,1,rest,61.86843749999999
6,1,1,2,rest,62.568437499999995
6,1,1,3,rest,63.224687499999995
6,1,1,4,rest,63.784687500000004
6,1,2,0,rest,59.226875
6,1,2,1,rest,59.926874999999995
6,1,2,2,rest,60.626875000000005
6,1,2,3,rest,61.23937500000001
6,1,2,4,rest,61.493125000000006
6,2,0,0,group_study,68.04765625
6,2,0,1,group_study,68.74765625
6,2,0,2,group_study,69.44765625000001
6,2,0,3,tutoring,70.14758065363868
6,2,0,4,tutoring,70.78157945241408
6,2,1,0,rest,66.1684375
6,2,1,1,rest,66.86843750000001
6,2,1,2,rest,67.5684375
6,2,1,3,rest,68.22468750000002
6,2,1,4,rest,68.78464096484376
6,2,2,0,rest,64.22687499999999
6,2,2,1,rest,64.926875
6,2,2,2,rest,65.626875
6,2,2,3,rest,66.23937500000001
6,2,2,4,rest,66.493125
6,3,0,0,group_study,73.04765625000002
6,3,0,1,group_study,73.74765625
6,3,0,2,group_study,74.44722535074044
6,3,0,3,tutoring,75.14540951636896
6,3,0,4,tutoring,75.77542289808477
6,3,1,0,rest,71.16843750000001
6,3,1,1,rest,71.86843750000001
6,3,1,2,rest,72.5684375
6,3,1,3,rest,73.2244222496094
6,3,1,4,rest,73.78330961640626
6,3,2,0,rest,69.226875
6,3,2,1,rest,69.92687500000001
6,3,2,2,rest,70.62687500000001
6,3,2,3,rest,71.23937500000001
6,3,2,4,rest,71.49296171875001
6,4,0,0,group_study,78.04765625
6,4,0,1,tutoring,78.74520012422046
6,4,0,2,group_study,79.43672239017309
6,4,0,3,tutoring,80.11969665991622
6,4,0,4,tutoring,80.72658556733118
6,4,1,0,rest,76.16843750000001
6,4,1,1,rest,76.86843750000001
6,4,1,2,rest,77.56692557277344
6,4,1,3,rest,78.21793502839846
6,4,1,4,rest,78.76709471179686
6,4,2,0,rest,74.226875
6,4,2,1,rest,74.92687500000001
6,4,2,2,rest,75.62687500000001
6,4,2,3,rest,76.238444296875
6,4,2,4,rest,76.48946749999999
6,5,0,0,group_study,83.03365633305656
6,5,0,1,group_study,83.69600662364616
6,5,0,2,group_study,84.33606882413837
6,5,0,3,tutoring,84.95247934270323
6,5,0,4,tutoring,85.4815186400533
6,5,1,0,rest,81.16843750000001
6,5,1,1,rest,81.8598195148086
6,5,1,2,rest,82.53651866404688
6,5,1,3,rest,83.15228459026173
6,5,1,4,rest,83.65571060518751
6,5,2,0,rest,79.226875
6,5,2,1,rest,79.926875
6,5,2,2,rest,80.62156999218752
6,5,2,3,rest,81.2198295390625
6,5,2,4,rest,81.455022546875
6,6,0,0,group_study,87.81409161534252
6,6,0,1,group_study,88.33758431027772
6,6,0,2,group_study,88.82665956626734
6,6,0,3,tutoring,89.28311730464947
6,6,0,4,tutoring,89.65538754257675
6,6,1,0,rest,86.11931498440899
6,6,1,1,rest,86.72395057246915
6,6,1,2,rest,87.29436364739962
6,6,1,3,rest,87.79006908959728
6,6,1,4,rest,88.17403138051836
6,6,2,0,rest,84.226875
6,6,2,1,rest,84.89663645546875
6,6,2,2,rest,85.53749517031252
6,6,2,3,rest,86.06398082890625
6,6,2,4,rest,86.25026325312498
6,7,0,0,group_study,91.73393211309406
6,7,0,1,group_study,92.02094965688237
6,7,0,2,tutoring,92.28279760802285
6,7,0,3,tutoring,92.521678125521
6,7,0,4,tutoring,92.70573791077318
6,7,1,0,rest,90.55832950626524
6,7,1,1,rest,90.93945901823321
6,7,1,2,rest,91.28805843855899
6,7,1,3,rest,91.57459937584883
6,7,1,4,rest,91.78318738626524
6,7,2,0,rest,89.05451529617187
6,7,2,1,rest,89.54881501429689
6,7,2,2,rest,90.00250268585937
6,7,2,3,rest,90.34887373648438
6,7,2,4,rest,90.45474985554686
6,8,0,0,group_study,94.05301450180814
6,8,0,1,group_study,94.14316044049656
6,8,0,2,tutoring,94.22472961610347
6,8,0,3,tutoring,94.29853764327515
6,8,0,4,tutoring,94.35243187047867
6,8,1,0,rest,93.55509494439883
6,8,1,1,rest,93.69304855798555
6,8,1,2,rest,93.81783961765976
6,8,1,3,rest,93.91503703740898
6,8,1,4,rest,93.98191818899257
6,8,2,0,rest,92.82094182953125
6,8,2,1,rest,93.0296557925
6,8,2,2,rest,93.21839535171875
6,8,2,3,rest,93.3522062590625
6,8,2,4,rest,93.38765073265625
6,9,0,0,group_study,94.87338883513625
6,9,0,1,group_study,94.88516661791428
6,9,0,2,group_study,94.89584879299201
6,9,0,3,tutoring,94.90553727736484
6,9,0,4,tutoring,94.91230309174514
6,9,1,0,rest,94.78158126805195
6,9,1,1,rest,94.80189928962852
6,9,1,2,rest,94.82032726268632
6,9,1,3,rest,94.83406864450038
6,9,1,4,rest,94.84312238036443
6,9,2,0,rest,94.62952959304688
6,9,2,1,rest,94.66399195648437
6,9,2,2,rest,94.69524851867186
6,9,2,3,rest,94.71620362085936
6,9,2,4,rest,94.72117111179686
6,10,0,0,rest,95.0
6,10,0,1,rest,95.0
6,10,0,2,rest,95.0
6,10,0,3,rest,95.0
6,10,0,4,rest,95.0
6,10,1,0,rest,95.0
6,10,1,1,rest,95.0
6,10,1,2,rest,95.0
6,10,1,3,rest,95.0
6,10,1,4,rest,95.0
6,10,2,0,rest,95.0
6,10,2,1,rest,95.0
6,10,2,2,rest,95.0
6,10,2,3,rest,95.0
6,10,2,4,rest,95.0
7,0,0,0,group_study,56.168437499999996
7,0,0,1,group_study,56.86843749999999
7,0,0,2,tutoring,57.56843750000001
7,0,0,3,tutoring,58.224687499999995
7,0,0,4,tutoring,58.78468750000001
7,0,1,0,rest,54.226875
7,0,1,1,rest,54.926874999999995
7,0,1,2,rest,55.626875
7,0,1,3,rest,56.239375
7,0,1,4,rest,56.49312500000001
7,0,2,0,rest,52.41
7,0,2,1,rest,53.11
7,0,2,2,rest,53.722500000000004
7,0,2,3,rest,54.23000000000001
7,0,2,4,rest,54.23000000000001
7,1,0,0,group_study,61.168437499999996
7,1,0,1,group_study,61.86843749999999
7,1,0,2,tutoring,62.568437499999995
7,1,0,3,tutoring,63.224687499999995
7,1,0,4,tutoring,63.784687500000004
7,1,1,0,rest,59.226875
7,1,1,1,rest,59.926874999999995
7,1,1,2,rest,60.626875000000005
7,1,1,3,rest,61.23937500000001
7,1,1,4,rest,61.493125000000006
7,1,2,0,rest,57.410000000000004
7,1,2,1,rest,58.11
7,1,2,2,rest,58.722500000000004
7,1,2,3,rest,59.230000000000004
7,1,2,4,rest,59.230000000000004
7,2,0,0,group_study,66.1684375
7,2,0,1,tutoring,66.86843750000001
7,2,0,2,tutoring,67.5684375
7,2,0,3,tutoring,68.22468750000002
7,2,0,4,tutoring,68.78464096484376
7,2,1,0,rest,64.22687499999999
7,2,1,1,rest,64.926875
7,2,1,2,rest,65.626875
7,2,1,3,rest,66.23937500000001
7,2,1,4,rest,66.493125
7,2,2,0,rest,62.41
7,2,2,1,rest,63.10999999999999
7,2,2,2,rest,63.7225
7,2,2,3,rest,64.23
7,2,2,4,rest,64.23
7,3,0,0,group_study,71.16843750000001
7,3,0,1,group_study,71.86843750000001
7,3,0,2,tutoring,72.5684375
7,3,0,3,tutoring,73.2244222496094
7,3,0,4,tutoring,73.78330961640626
7,3,1,0,rest,69.226875
7,3,1,1,rest,69.92687500000001
7,3,1,2,rest,70.62687500000001
7,3,1,3,rest,71.23937500000001
7,3,1,4,rest,71.49296171875001
7,3,2,0,rest,67.41
7,3,2,1,rest,68.11000000000001
7,3,2,2,rest,68.72250000000001
7,3,2,3,rest,69.23
7,3,2,4,rest,69.23
7,4,0,0,group_study,76.16843750000001
7,4,0,1,tutoring,76.86843750000001
7,4,0,2,tutoring,77.56692557277344
7,4,0,3,tutoring,78.21793502839846
7,4,0,4,tutoring,78.76709471179686
7,4,1,0,rest,74.226875
7,4,1,1,rest,74.92687500000001
7,4,1,2,rest,75.62687500000001
7,4,1,3,rest,76.238444296875
7,4,1,4,rest,76.48946749999999
7,4,2,0,rest,72.41000000000001
7,4,2,1,rest,73.11
7,4,2,2,rest,73.72250000000001
7,4,2,3,rest,74.23
7,4,2,4,rest,74.23
7,5,0,0,group_study,81.16843750000001
7,5,0,1,group_study,81.8598195148086
7,5,0,2,tutoring,82.53651866404688
7,5,0,3,tutoring,83.15228459026173
7,5,0,4,tutoring,83.65571060518751
7,5,1,0,rest,79.226875
7,5,1,1,rest,79.926875
7,5,1,2,rest,80.62156999218752
7,5,1,3,rest,81.2198295390625
7,5,1,4,rest,81.455022546875
7,5,2,0,rest,77.41
7,5,2,1,rest,78.11
7,5,2,2,rest,78.72250000000001
7,5,2,3,rest,79.226734375
7,5,2,4,rest,79.226734375
7,6,0,0,group_study,86.11931498440899
7,6,0,1,group_study,86.72395057246915
7,6,0,2,tutoring,87.29436364739962
7,6,0,3,tutoring,87.79006908959728
7,6,0,4,tutoring,88.17403138051836
7,6,1,0,rest,84.226875
7,6,1,1,rest,84.89663645546875
7,6,1,2,rest,85.53749517031252
7,6,1,3,rest,86.06398082890625
7,6,1,4,rest,86.25026325312498
7,6,2,0,rest,82.41000000000003
7,6,2,1,rest,83.11000000000001
7,6,2,2,rest,83.70388593750002
7,6,2,3,rest,84.1735046875
7,6,2,4,rest,84.1735046875
7,7,0,0,group_study,90.55832950626524
7,7,0,1,group_study,90.93945901823321
7,7,0,2,tutoring,91.28805843855899
7,7,0,3,tutoring,91.57459937584883
7,7,0,4,tutoring,91.78318738626524
7,7,1,0,rest,89.05451529617187
7,7,1,1,rest,89.54881501429689
7,7,1,2,rest,90.00250268585937
7,7,1,3,rest,90.34887373648438
7,7,1,4,rest,90.45474985554686
7,7,2,0,rest,87.41
7,7,2,1,rest,88.00389984375002
7,7,2,2,rest,88.4702725
7,7,2,3,rest,88.81256296875
7,7,2,4,rest,88.81256296875
7,8,0,0,group_study,93.55509494439883
7,8,0,1,tutoring,93.69304855798555
7,8,0,2,tutoring,93.81783961765976
7,8,0,3,tutoring,93.91503703740898
7,8,0,4,tutoring,93.98191818899257
7,8,1,0,rest,92.82094182953125
7,8,1,1,rest,93.0296557925
7,8,1,2,rest,93.21839535171875
7,8,1,3,rest,93.3522062590625
7,8,1,4,rest,93.38765073265625
7,8,2,0,rest,91.80522910937499
7,8,2,1,rest,92.112889203125
7,8,2,2,rest,92.33044667187501
7,8,2,3,rest,92.478900640625
7,8,2,4,rest,92.478900640625
7,9,0,0,group_study,94.78158126805195
7,9,0,1,group_study,94.80189928962852
7,9,0,2,tutoring,94.82032726268632
7,9,0,3,tutoring,94.83406864450038
7,9,0,4,tutoring,94.84312238036443
7,9,1,0,rest,94.62952959304688
7,9,1,1,rest,94.66399195648437
7,9,1,2,rest,94.69524851867186
7,9,1,3,rest,94.71620362085936
7,9,1,4,rest,94.72117111179686
7,9,2,0,rest,94.35456932812501
7,9,2,1,rest,94.41460939062499
7,9,2,2,rest,94.45382145312499
7,9,2,3,rest,94.47929576562498
7,9,2,4,rest,94.47929576562498
7,10,0,0,rest,95.0
7,10,0,1,rest,95.0
7,10,0,2,rest,95.0
7,10,0,3,rest,95.0
7,10,0,4,rest,95.0
7,10,1,0,rest,95.0
7,10,1,1,rest,95.0
7,10,1,2,rest,95.0
7,10,1,3,rest,95.0
7,10,1,4,rest,95.0
7,10,2,0,rest,95.0
7,10,2,1,rest,95.0
7,10,2,2,rest,95.0
7,10,2,3,rest,95.0
7,10,2,4,rest,95.0
8,0,0,0,group_study,54.226875
8,0,0,1,group_study,54.926874999999995
8,0,0,2,tutoring,55.626875
8,0,0,3,tutoring,56.239375
8,0,0,4,tutoring,56.49312500000001
8,0,1,0,rest,52.41
8,0,1,1,rest,53.11
8,0,1,2,rest,53.722500000000004
8,0,1,3,rest,54.23000000000001
8,0,1,4,rest,54.23000000000001
8,0,2,0,rest,50.34375
8,0,2,1,rest,51.04375
8,0,2,2,rest,51.65625
8,0,2,3,rest,51.65625
8,0,2,4,rest,51.65625
8,1,0,0,group_study,59.226875
8,1,0,1,group_study,59.926874999999995
8,1,0,2,tutoring,60.626875000000005
8,1,0,3,tutoring,61.23937500000001
8,1,0,4,tutoring,61.493125000000006
8,1,1,0,rest,57.410000000000004
8,1,1,1,rest,58.11
8,1,1,2,rest,58.722500000000004
8,1,1,3,rest,59.230000000000004
8,1,1,4,rest,59.230000000000004
8,1,2,0,rest,55.34375
8,1,2,1,rest,56.04375
8,1,2,2,rest,56.65625
8,1,2,3,rest,56.65625
8,1,2,4,rest,56.65625
8,2,0,0,group_study,64.22687499999999
8,2,0,1,group_study,64.926875
8,2,0,2,tutoring,65.626875
8,2,0,3,tutoring,66.23937500000001
8,2,0,4,tutoring,66.493125
8,2,1,0,rest,62.41
8,2,1,1,rest,63.10999999999999
8,2,1,2,rest,63.7225
8,2,1,3,rest,64.23
8,2,1,4,rest,64.23
8,2,2,0,rest,60.34375
8,2,2,1,rest,61.04375
8,2,2,2,rest,61.65625
8,2,2,3,rest,61.65625
8,2,2,4,rest,61.65625
8,3,0,0,group_study,69.226875
8,3,0,1,group_study,69.92687500000001
8,3,0,2,tutoring,70.62687500000001
8,3,0,3,tutoring,71.23937500000001
8,3,0,4,tutoring,71.49296171875001
8,3,1,0,rest,67.41
8,3,1,1,rest,68.11000000000001
8,3,1,2,rest,68.72250000000001
8,3,1,3,rest,69.23
8,3,1,4,rest,69.23
8,3,2,0,rest,65.34375
8,3,2,1,rest,66.04375
8,3,2,2,rest,66.65625
8,3,2,3,rest,66.65625
8,3,2,4,rest,66.65625
8,4,0,0,group_study,74.226875
8,4,0,1,tutoring,74.92687500000001
8,4,0,2,tutoring,75.62687500000001
8,4,0,3,tutoring,76.238444296875
8,4,0,4,tutoring,76.48946749999999
8,4,1,0,rest,72.41000000000001
8,4,1,1,rest,73.11
8,4,1,2,rest,73.72250000000001
8,4,1,3,rest,74.23
8,4,1,4,rest,74.23
8,4,2,0,rest,70.34375
8,4,2,1,rest,71.04375
8,4,2,2,rest,71.65624999999999
8,4,2,3,rest,71.65624999999999
8,4,2,4,rest,71.65624999999999
8,5,0,0,group_study,79.226875
8,5,0,1,group_study,79.926875
8,5,0,2,tutoring,80.62156999218752
8,5,0,3,tutoring,81.2198295390625
8,5,0,4,tutoring,81.455022546875
8,5,1,0,rest,77.41
8,5,1,1,rest,78.11
8,5,1,2,rest,78.72250000000001
8,5,1,3,rest,79.226734375
8,5,1,4,rest,79.226734375
8,5,2,0,rest,75.34375
8,5,2,1,rest,76.04375
8,5,2,2,rest,76.65624999999999
8,5,2,3,rest,76.65624999999999
8,5,2,4,rest,76.65624999999999
8,6,0,0,group_study,84.226875
8,6,0,1,group_study,84.89663645546875
8,6,0,2,tutoring,85.53749517031252
8,6,0,3,tutoring,86.06398082890625
8,6,0,4,tutoring,86.25026325312498
8,6,1,0,rest,82.41000000000003
8,6,1,1,rest,83.11000000000001
8,6,1,2,rest,83.70388593750002
8,6,1,3,rest,84.1735046875
8,6,1,4,rest,84.1735046875
8,6,2,0,rest,80.34375
8,6,2,1,rest,81.04375
8,6,2,2,rest,81.65624999999999
8,6,2,3,rest,81.65624999999999
8,6,2,4,rest,81.65624999999999
8,7,0,0,group_study,89.05451529617187
8,7,0,1,tutoring,89.54881501429689
8,7,0,2,tutoring,90.00250268585937
8,7,0,3,tutoring,90.34887373648438
8,7,0,4,tutoring,90.45474985554686
8,7,1,0,rest,87.41
8,7,1,1,rest,88.00389984375002
8,7,1,2,rest,88.4702725
8,7,1,3,rest,88.81256296875
8,7,1,4,rest,88.81256296875
8,7,2,0,rest,85.34375000000001
8,7,2,1,rest,86.04375
8,7,2,2,rest,86.6125
8,7,2,3,rest,86.6125
8,7,2,4,rest,86.6125
8,8,0,0,group_study,92.82094182953125
8,8,0,1,group_study,93.0296557925
8,8,0,2,tutoring,93.21839535171875
8,8,0,3,tutoring,93.3522062590625
8,8,0,4,tutoring,93.38765073265625
8,8,1,0,rest,91.80522910937499
8,8,1,1,rest,92.112889203125
8,8,1,2,rest,92.33044667187501
8,8,1,3,rest,92.478900640625
8,8,1,4,rest,92.478900640625
8,8,2,0,rest,90.34375
8,8,2,1,rest,90.794375
8,8,2,2,rest,91.1225
8,8,2,3,rest,91.1225
8,8,2,4,rest,91.1225
8,9,0,0,group_study,94.62952959304688
8,9,0,1,group_study,94.66399195648437
8,9,0,2,tutoring,94.69524851867186
8,9,0,3,tutoring,94.71620362085936
8,9,0,4,tutoring,94.72117111179686
8,9,1,0,rest,94.35456932812501
8,9,1,1,rest,94.41460939062499
8,9,1,2,rest,94.45382145312499
8,9,1,3,rest,94.47929576562498
8,9,1,4,rest,94.47929576562498
8,9,2,0,rest,93.9223125
8,9,2,1,rest,94.02256249999999
8,9,2,2,rest,94.09081249999998
8,9,2,3,rest,94.09081249999998
8,9,2,4,rest,94.09081249999998
8,10,0,0,rest,95.0
8,10,0,1,rest,95.0
8,10,0,2,rest,95.0
8,10,0,3,rest,95.0
8,10,0,4,rest,95.0
8,10,1,0,rest,95.0
8,10,1,1,rest,95.0
8,10,1,2,rest,95.0
8,10,1,3,rest,95.0
8,10,1,4,rest,95.0
8,10,2,0,rest,95.0
8,10,2,1,rest,95.0
8,10,2,2,rest,95.0
8,10,2,3,rest,95.0
8,10,2,4,rest,95.0
9,0,0,0,group_study,52.41
9,0,0,1,tutoring,53.11
9,0,0,2,tutoring,53.722500000000004
9,0,0,3,tutoring,54.23000000000001
9,0,0,4,tutoring,54.23000000000001
9,0,1,0,rest,50.34375
9,0,1,1,rest,51.04375
9,0,1,2,rest,51.65625
9,0,1,3,rest,51.65625
9,0,1,4,rest,51.65625
9,0,2,0,rest,48.776250000000005
9,0,2,1,rest,49.30125
9,0,2,2,rest,49.70374999999999
9,0,2,3,rest,49.70374999999999
9,0,2,4,rest,49.70374999999999
9,1,0,0,group_study,57.410000000000004
9,1,0,1,tutoring,58.11
9,1,0,2,tutoring,58.722500000000004
9,1,0,3,tutoring,59.230000000000004
9,1,0,4,tutoring,59.230000000000004
9,1,1,0,rest,55.34375
9,1,1,1,rest,56.04375
9,1,1,2,rest,56.65625
9,1,1,3,rest,56.65625
9,1,1,4,rest,56.65625
9,1,2,0,rest,53.77625
9,1,2,1,rest,54.301249999999996
9,1,2,2,rest,54.70375
9,1,2,3,rest,54.70375
9,1,2,4,rest,54.70375
9,2,0,0,group_study,62.41
9,2,0,1,tutoring,63.10999999999999
9,2,0,2,tutoring,63.7225
9,2,0,3,tutoring,64.23
9,2,0,4,tutoring,64.23
9,2,1,0,rest,60.34375
9,2,1,1,rest,61.04375
9,2,1,2,rest,61.65625
9,2,1,3,rest,61.65625
9,2,1,4,rest,61.65625
9,2,2,0,rest,58.776250000000005
9,2,2,1,rest,59.301249999999996
9,2,2,2,rest,59.70374999999999
9,2,2,3,rest,59.70374999999999
9,2,2,4,rest,59.70374999999999
9,3,0,0,group_study,67.41
9,3,0,1,tutoring,68.11000000000001
9,3,0,2,tutoring,68.72250000000001
9,3,0,3,tutoring,69.23
9,3,0,4,tutoring,69.23
9,3,1,0,rest,65.34375
9,3,1,1,rest,66.04375
9,3,1,2,rest,66.65625
9,3,1,3,rest,66.65625
9,3,1,4,rest,66.65625
9,3,2,0,rest,63.776250000000005
9,3,2,1,rest,64.30125
9,3,2,2,rest,64.70375
9,3,2,3,rest,64.70375
9,3,2,4,rest,64.70375
9,4,0,0,group_study,72.41000000000001
9,4,0,1,tutoring,73.11
9,4,0,2,tutoring,73.72250000000001
9,4,0,3,tutoring,74.23
9,4,0,4,tutoring,74.23
9,4,1,0,rest,70.34375
9,4,1,1,rest,71.04375
9,4,1,2,rest,71.65624999999999
9,4,1,3,rest,71.65624999999999
9,4,1,4,rest,71.65624999999999
9,4,2,0,rest,68.77625
9,4,2,1,rest,69.30125000000001
9,4,2,2,rest,69.70375000000001
9,4,2,3,rest,69.70375000000001
9,4,2,4,rest,69.70375000000001
9,5,0,0,group_study,77.41
9,5,0,1,tutoring,78.11
9,5,0,2,tutoring,78.72250000000001
9,5,0,3,tutoring,79.226734375
9,5,0,4,tutoring,79.226734375
9,5,1,0,rest,75.34375
9,5,1,1,rest,76.04375
9,5,1,2,rest,76.65624999999999
9,5,1,3,rest,76.65624999999999
9,5,1,4,rest,76.65624999999999
9,5,2,0,rest,73.77625
9,5,2,1,rest,74.30125000000001
9,5,2,2,rest,74.70375000000001
9,5,2,3,rest,74.70375000000001
9,5,2,4,rest,74.70375000000001
9,6,0,0,group_study,82.41000000000003
9,6,0,1,tutoring,83.11000000000001
9,6,0,2,tutoring,83.70388593750002
9,6,0,3,tutoring,84.1735046875
9,6,0,4,tutoring,84.1735046875
9,6,1,0,rest,80.34375
9,6,1,1,rest,81.04375
9,6,1,2,rest,81.65624999999999
9,6,1,3,rest,81.65624999999999
9,6,1,4,rest,81.65624999999999
9,6,2,0,rest,78.77625
9,6,2,1,rest,79.30125
9,6,2,2,rest,79.70375000000001
9,6,2,3,rest,79.70375000000001
9,6,2,4,rest,79.70375000000001
9,7,0,0,group_study,87.41
9,7,0,1,tutoring,88.00389984375002
9,7,0,2,tutoring,88.4702725
9,7,0,3,tutoring,88.81256296875
9,7,0,4,tutoring,88.81256296875
9,7,1,0,rest,85.34375000000001
9,7,1,1,rest,86.04375
9,7,1,2,rest,86.6125
9,7,1,3,rest,86.6125
9,7,1,4,rest,86.6125
9,7,2,0,rest,83.77625
9,7,2,1,rest,84.30125
9,7,2,2,rest,84.6821875
9,7,2,3,rest,84.6821875
9,7,2,4,rest,84.6821875
9,8,0,0,group_study,91.80522910937499
9,8,0,1,tutoring,92.112889203125
9,8,0,2,tutoring,92.33044667187501
9,8,0,3,tutoring,92.478900640625
9,8,0,4,tutoring,92.478900640625
9,8,1,0,rest,90.34375
9,8,1,1,rest,90.794375
9,8,1,2,rest,91.1225
9,8,1,3,rest,91.1225
9,8,1,4,rest,91.1225
9,8,2,0,rest,88.77625
9,8,2,1,rest,89.17834375
9,8,2,2,rest,89.4406875
9,8,2,3,rest,89.4406875
9,8,2,4,rest,89.4406875
9,9,0,0,group_study,94.35456932812501
9,9,0,1,tutoring,94.41460939062499
9,9,0,2,tutoring,94.45382145312499
9,9,0,3,tutoring,94.47929576562498
9,9,0,4,tutoring,94.47929576562498
9,9,1,0,rest,93.9223125
9,9,1,1,rest,94.02256249999999
9,9,1,2,rest,94.09081249999998
9,9,1,3,rest,94.09081249999998
9,9,1,4,rest,94.09081249999998
9,9,2,0,rest,93.075684375
9,9,2,1,rest,93.176521875
9,9,2,2,rest,93.238909375
9,9,2,3,rest,93.238909375
9,9,2,4,rest,93.238909375
9,10,0,0,rest,95.0
9,10,0,1,rest,95.0
9,10,0,2,rest,95.0
9,10,0,3,rest,95.0
9,10,0,4,rest,95.0
9,10,1,0,rest,95.0
9,10,1,1,rest,95.0
9,10,1,2,rest,95.0
9,10,1,3,rest,95.0
9,10,1,4,rest,95.0
9,10,2,0,rest,95.0
9,10,2,1,rest,95.0
9,10,2,2,rest,95.0
9,10,2,3,rest,95.0
9,10,2,4,rest,95.0
10,0,0,0,group_study,50.34375
10,0,0,1,tutoring,51.04375
10,0,0,2,tutoring,51.65625
10,0,0,3,tutoring,51.65625
10,0,0,4,tutoring,51.65625
10,0,1,0,group_study,48.776250000000005
10,0,1,1,tutoring,49.30125
10,0,1,2,tutoring,49.70374999999999
10,0,1,3,tutoring,49.70374999999999
10,0,1,4,tutoring,49.70374999999999
10,0,2,0,group_study,47.28
10,0,2,1,rest,47.662499999999994
10,0,2,2,tutoring,47.84
10,0,2,3,tutoring,47.84
10,0,2,4,tutoring,47.84
10,1,0,0,group_study,55.34375
10,1,0,1,tutoring,56.04375
10,1,0,2,tutoring,56.65625
10,1,0,3,tutoring,56.65625
10,1,0,4,tutoring,56.65625
10,1,1,0,group_study,53.77625
10,1,1,1,tutoring,54.301249999999996
10,1,1,2,tutoring,54.70375
10,1,1,3,tutoring,54.70375
10,1,1,4,tutoring,54.70375
10,1,2,0,group_study,52.28
10,1,2,1,rest,52.662499999999994
10,1,2,2,tutoring,52.84
10,1,2,3,tutoring,52.84
10,1,2,4,tutoring,52.84
10,2,0,0,group_study,60.34375
10,2,0,1,tutoring,61.04375
10,2,0,2,tutoring,61.65625
10,2,0,3,tutoring,61.65625
10,2,0,4,tutoring,61.65625
10,2,1,0,group_study,58.776250000000005
10,2,1,1,tutoring,59.301249999999996
10,2,1,2,tutoring,59.70374999999999
10,2,1,3,tutoring,59.70374999999999
10,2,1,4,tutoring,59.70374999999999
10,2,2,0,group_study,57.28
10,2,2,1,rest,57.6625
10,2,2,2,tutoring,57.84
10,2,2,3,tutoring,57.84
10,2,2,4,tutoring,57.84
10,3,0,0,group_study,65.34375
10,3,0,1,tutoring,66.04375
10,3,0,2,tutoring,66.65625
10,3,0,3,tutoring,66.65625
10,3,0,4,tutoring,66.65625
10,3,1,0,group_study,63.776250000000005
10,3,1,1,tutoring,64.30125
10,3,1,2,tutoring,64.70375
10,3,1,3,tutoring,64.70375
10,3,1,4,tutoring,64.70375
10,3,2,0,group_study,62.28
10,3,2,1,rest,62.662499999999994
10,3,2,2,tutoring,62.84
10,3,2,3,tutoring,62.84
10,3,2,4,tutoring,62.84
10,4,0,0,group_study,70.34375
10,4,0,1,tutoring,71.04375
10,4,0,2,tutoring,71.65624999999999
10,4,0,3,tutoring,71.65624999999999
10,4,0,4,tutoring,71.65624999999999
10,4,1,0,group_study,68.77625
10,4,1,1,tutoring,69.30125000000001
10,4,1,2,tutoring,69.70375000000001
10,4,1,3,tutoring,69.70375000000001
10,4,1,4,tutoring,69.70375000000001
10,4,2,0,group_study,67.28
10,4,2,1,rest,67.66250000000001
10,4,2,2,tutoring,67.84
10,4,2,3,tutoring,67.84
10,4,2,4,tutoring,67.84
10,5,0,0,group_study,75.34375
10,5,0,1,tutoring,76.04375
10,5,0,2,tutoring,76.65624999999999
10,5,0,3,tutoring,76.65624999999999
10,5,0,4,tutoring,76.65624999999999
10,5,1,0,group_study,73.77625
10,5,1,1,tutoring,74.30125000000001
10,5,1,2,tutoring,74.70375000000001
10,5,1,3,tutoring,74.70375000000001
10,5,1,4,tutoring,74.70375000000001
10,5,2,0,group_study,72.28
10,5,2,1,rest,72.6625
10,5,2,2,tutoring,72.84
10,5,2,3,tutoring,72.84
10,5,2,4,tutoring,72.84
10,6,0,0,group_study,80.34375
10,6,0,1,tutoring,81.04375
10,6,0,2,tutoring,81.65624999999999
10,6,0,3,tutoring,81.65624999999999
10,6,0,4,tutoring,81.65624999999999
10,6,1,0,group_study,78.77625
10,6,1,1,tutoring,79.30125
10,6,1,2,tutoring,79.70375000000001
10,6,1,3,tutoring,79.70375000000001
10,6,1,4,tutoring,79.70375000000001
10,6,2,0,group_study,77.28
10,6,2,1,rest,77.6625
10,6,2,2,tutoring,77.84000000000002
10,6,2,3,tutoring,77.84000000000002
10,6,2,4,tutoring,77.84000000000002
10,7,0,0,group_study,85.34375000000001
10,7,0,1,tutoring,86.04375
10,7,0,2,tutoring,86.6125
10,7,0,3,tutoring,86.6125
10,7,0,4,tutoring,86.6125
10,7,1,0,group_study,83.77625
10,7,1,1,tutoring,84.30125
10,7,1,2,tutoring,84.6821875
10,7,1,3,tutoring,84.6821875
10,7,1,4,tutoring,84.6821875
10,7,2,0,group_study,82.28
10,7,2,1,rest,82.6625
10,7,2,2,tutoring,82.832
10,7,2,3,tutoring,82.832
10,7,2,4,tutoring,82.832
10,8,0,0,group_study,90.34375
10,8,0,1,tutoring,90.794375
10,8,0,2,tutoring,91.1225
10,8,0,3,tutoring,91.1225
10,8,0,4,tutoring,91.1225
10,8,1,0,group_study,88.77625
10,8,1,1,tutoring,89.17834375
10,8,1,2,tutoring,89.4406875
10,8,1,3,tutoring,89.4406875
10,8,1,4,tutoring,89.4406875
10,8,2,0,group_study,87.28
10,8,2,1,rest,87.6625
10,8,2,2,tutoring,87.7424
10,8,2,3,tutoring,87.7424
10,8,2,4,tutoring,87.7424
10,9,0,0,group_study,93.9223125
10,9,0,1,tutoring,94.02256249999999
10,9,0,2,tutoring,94.09081249999998
10,9,0,3,tutoring,94.09081249999998
10,9,0,4,tutoring,94.09081249999998
10,9,1,0,group_study,93.075684375
10,9,1,1,tutoring,93.176521875
10,9,1,2,tutoring,93.238909375
10,9,1,3,tutoring,93.238909375
10,9,1,4,tutoring,93.238909375
10,9,2,0,rest,92.1375
10,9,2,1,rest,92.2875
10,9,2,2,rest,92.2875
10,9,2,3,rest,92.2875
10,9,2,4,rest,92.2875
10,10,0,0,rest,95.0
10,10,0,1,rest,95.0
10,10,0,2,rest,95.0
10,10,0,3,rest,95.0
10,10,0,4,rest,95.0
10,10,1,0,rest,95.0
10,10,1,1,rest,95.0
10,10,1,2,rest,95.0
10,10,1,3,rest,95.0
10,10,1,4,rest,95.0
10,10,2,0,rest,95.0
10,10,2,1,rest,95.0
10,10,2,2,rest,95.0
10,10,2,3,rest,95.0
10,10,2,4,rest,95.0
11,0,0,0,group_study,47.849999999999994
11,0,0,1,tutoring,48.55
11,0,0,2,tutoring,48.55
11,0,0,3,tutoring,48.55
11,0,0,4,tutoring,48.55
11,0,1,0,group_study,47.1375
11,0,1,1,tutoring,47.662499999999994
11,0,1,2,tutoring,47.662499999999994
11,0,1,3,tutoring,47.662499999999994
11,0,1,4,tutoring,47.662499999999994
11,0,2,0,group_study,46.14
11,0,2,1,tutoring,46.42000000000001
11,0,2,2,tutoring,46.42000000000001
11,0,2,3,tutoring,46.42000000000001
11,0,2,4,tutoring,46.42000000000001
11,1,0,0,group_study,52.85
11,1,0,1,tutoring,53.55
11,1,0,2,tutoring,53.55
11,1,0,3,tutoring,53.55
11,1,0,4,tutoring,53.55
11,1,1,0,group_study,52.1375
11,1,1,1,tutoring,52.662499999999994
11,1,1,2,tutoring,52.662499999999994
11,1,1,3,tutoring,52.662499999999994
11,1,1,4,tutoring,52.662499999999994
11,1,2,0,group_study,51.14
11,1,2,1,tutoring,51.419999999999995
11,1,2,2,tutoring,51.419999999999995
11,1,2,3,tutoring,51.419999999999995
11,1,2,4,tutoring,51.419999999999995
11,2,0,0,group_study,57.85
11,2,0,1,tutoring,58.55
11,2,0,2,tutoring,58.55
11,2,0,3,tutoring,58.55
11,2,0,4,tutoring,58.55
11,2,1,0,group_study,57.137499999999996
11,2,1,1,tutoring,57.6625
11,2,1,2,tutoring,57.6625
11,2,1,3,tutoring,57.6625
11,2,1,4,tutoring,57.6625
11,2,2,0,group_study,56.14
11,2,2,1,tutoring,56.42
11,2,2,2,tutoring,56.42
11,2,2,3,tutoring,56.42
11,2,2,4,tutoring,56.42
11,3,0,0,group_study,62.85000000000001
11,3,0,1,tutoring,63.55
11,3,0,2,tutoring,63.55
11,3,0,3,tutoring,63.55
11,3,0,4,tutoring,63.55
11,3,1,0,group_study,62.1375
11,3,1,1,tutoring,62.662499999999994
11,3,1,2,tutoring,62.662499999999994
11,3,1,3,tutoring,62.662499999999994
11,3,1,4,tutoring,62.662499999999994
11,3,2,0,group_study,61.14
11,3,2,1,tutoring,61.42
11,3,2,2,tutoring,61.42
11,3,2,3,tutoring,61.42
11,3,2,4,tutoring,61.42
11,4,0,0,group_study,67.85
11,4,0,1,tutoring,68.55000000000001
11,4,0,2,tutoring,68.55000000000001
11,4,0,3,tutoring,68.55000000000001
11,4,0,4,tutoring,68.55000000000001
11,4,1,0,group_study,67.1375
11,4,1,1,tutoring,67.66250000000001
11,4,1,2,tutoring,67.66250000000001
11,4,1,3,tutoring,67.66250000000001
11,4,1,4,tutoring,67.66250000000001
11,4,2,0,group_study,66.14
11,4,2,1,tutoring,66.42
11,4,2,2,tutoring,66.42
11,4,2,3,tutoring,66.42
11,4,2,4,tutoring,66.42
11,5,0,0,group_study,72.85
11,5,0,1,tutoring,73.55
11,5,0,2,tutoring,73.55
11,5,0,3,tutoring,73.55
11,5,0,4,tutoring,73.55
11,5,1,0,group_study,72.1375
11,5,1,1,tutoring,72.6625
11,5,1,2,tutoring,72.6625
11,5,1,3,tutoring,72.6625
11,5,1,4,tutoring,72.6625
11,5,2,0,group_study,71.14
11,5,2,1,tutoring,71.42
11,5,2,2,tutoring,71.42
11,5,2,3,tutoring,71.42
11,5,2,4,tutoring,71.42
11,6,0,0,group_study,77.85
11,6,0,1,tutoring,78.55
11,6,0,2,tutoring,78.55
11,6,0,3,tutoring,78.55
11,6,0,4,tutoring,78.55
11,6,1,0,group_study,77.1375
11,6,1,1,tutoring,77.6625
11,6,1,2,tutoring,77.6625
11,6,1,3,tutoring,77.6625
11,6,1,4,tutoring,77.6625
11,6,2,0,group_study,76.14
11,6,2,1,tutoring,76.42000000000002
11,6,2,2,tutoring,76.42000000000002
11,6,2,3,tutoring,76.42000000000002
11,6,2,4,tutoring,76.42000000000002
11,7,0,0,group_study,82.85000000000001
11,7,0,1,tutoring,83.55
11,7,0,2,tutoring,83.55
11,7,0,3,tutoring,83.55
11,7,0,4,tutoring,83.55
11,7,1,0,group_study,82.13749999999999
11,7,1,1,tutoring,82.6625
11,7,1,2,tutoring,82.6625
11,7,1,3,tutoring,82.6625
11,7,1,4,tutoring,82.6625
11,7,2,0,group_study,81.14
11,7,2,1,tutoring,81.42
11,7,2,2,tutoring,81.42
11,7,2,3,tutoring,81.42
11,7,2,4,tutoring,81.42
11,8,0,0,group_study,87.85000000000001
11,8,0,1,tutoring,88.55
11,8,0,2,tutoring,88.55
11,8,0,3,tutoring,88.55
11,8,0,4,tutoring,88.55
11,8,1,0,group_study,87.1375
11,8,1,1,tutoring,87.6625
11,8,1,2,tutoring,87.6625
11,8,1,3,tutoring,87.6625
11,8,1,4,tutoring,87.6625
11,8,2,0,group_study,86.14
11,8,2,1,tutoring,86.42
11,8,2,2,tutoring,86.42
11,8,2,3,tutoring,86.42
11,8,2,4,tutoring,86.42
11,9,0,0,group_study,92.85
11,9,0,1,tutoring,93.05
11,9,0,2,tutoring,93.05
11,9,0,3,tutoring,93.05
11,9,0,4,tutoring,93.05
11,9,1,0,group_study,92.1375
11,9,1,1,tutoring,92.2875
11,9,1,2,tutoring,92.2875
11,9,1,3,tutoring,92.2875
11,9,1,4,tutoring,92.2875
11,9,2,0,group_study,91.14
11,9,2,1,tutoring,91.22000000000001
11,9,2,2,tutoring,91.22000000000001
11,9,2,3,tutoring,91.22000000000001
11,9,2,4,tutoring,91.22000000000001
11,10,0,0,rest,95.0
11,10,0,1,rest,95.0
11,10,0,2,rest,95.0
11,10,0,3,rest,95.0
11,10,0,4,rest,95.0
11,10,1,0,rest,95.0
11,10,1,1,rest,95.0
11,10,1,2,rest,95.0
11,10,1,3,rest,95.0
11,10,1,4,rest,95.0
11,10,2,0,rest,95.0
11,10,2,1,rest,95.0
11,10,2,2,rest,95.0
11,10,2,3,rest,95.0
11,10,2,4,rest,95.0
