student_id,study_hours_per_week,attendance_rate,sleep_hours,prior_gpa,extracurricular_hours,study_method,exam_score
S0001,13.28,66.5,7.48,3.38,1,Group study,53.2
S0002,6.53,77.5,6.68,2.79,3,Self-study,58.6
S0003,15.69,92.8,6.81,3.62,5,Self-study,92.0
S0004,8.39,82.9,5.91,3.18,4,Self-study,67.3
S0005,11.22,70.1,8.14,2.94,3,Self-study,56.9
S0006,10.52,86.8,7.34,3.16,5,Self-study,64.7
S0007,20.99,85.0,5.8,2.95,5,Self-study,90.0
S0008,16.74,84.7,5.64,2.79,5,Group study,63.7
S0009,15.12,90.5,5.98,3.19,4,Tutoring,92.3
S0010,12.92,91.9,7.12,3.36,4,Group study,81.0
S0011,13.21,90.0,5.17,2.87,3,Self-study,64.6
S0012,9.32,74.4,8.57,2.64,6,Self-study,59.1
S0013,4.93,67.9,7.24,2.97,6,Self-study,51.8
S0014,15.33,80.2,6.1,3.4,3,Self-study,85.7
S0015,6.64,55.7,5.85,2.88,5,Tutoring,67.0
S0016,14.9,78.6,6.81,3.32,3,Self-study,64.8
S0017,13.92,73.8,6.23,2.86,2,Self-study,68.6
S0018,14.05,77.0,6.68,3.23,5,Tutoring,72.5
S0019,14.79,83.0,6.2,3.04,1,Self-study,86.6
S0020,5.92,51.2,5.77,2.8,3,Self-study,45.0
S0021,10.41,93.7,6.61,3.29,2,Self-study,88.7
S0022,11.14,65.3,6.34,3.21,1,Group study,71.6
S0023,13.82,86.3,6.08,2.49,4,Group study,64.8
S0024,9.78,82.4,6.94,3.55,3,Self-study,69.7
S0025,7.7,79.5,7.25,3.4,6,Tutoring,67.5
S0026,13.5,96.1,5.56,2.83,2,Tutoring,70.7
S0027,10.36,56.4,7.43,2.81,1,Tutoring,67.5
S0028,7.73,81.5,7.96,3.69,11,Self-study,61.7
S0029,13.74,68.0,4.2,2.98,3,Self-study,51.0
S0030,10.26,70.0,6.64,3.3,4,Tutoring,70.8
S0031,11.33,64.0,4.81,2.63,4,Self-study,47.8
S0032,19.43,89.6,7.62,3.13,1,Group study,81.6
S0033,7.95,65.0,9.29,2.62,5,Group study,55.1
S0034,8.21,89.2,7.5,2.89,4,Self-study,62.4
S0035,9.25,84.7,6.45,2.44,2,Group study,83.0
S0036,12.72,96.3,7.13,3.09,4,Tutoring,82.2
S0037,17.49,89.1,6.13,3.61,5,Group study,89.5
S0038,18.45,89.4,5.17,2.64,7,Self-study,62.9
S0039,19.24,86.2,6.05,3.78,2,Tutoring,88.1
S0040,8.24,86.1,6.58,2.88,4,Group study,72.1
S0041,13.42,95.7,7.01,3.39,0,Group study,76.8
S0042,11.8,68.0,5.33,2.53,3,Tutoring,74.3
S0043,15.85,64.8,6.52,2.87,3,Group study,64.6
S0044,16.21,91.2,8.2,3.2,2,Self-study,79.7
S0045,11.06,83.8,7.07,2.58,4,Self-study,63.7
S0046,12.96,99.1,9.17,2.98,3,Self-study,79.3
S0047,5.85,64.6,7.34,3.23,3,Group study,60.3
S0048,9.25,40.7,6.48,2.35,3,Group study,53.1
S0049,8.32,76.1,4.95,2.2,9,Group study,56.9
S0050,6.59,56.3,8.97,3.96,2,Self-study,62.4
S0051,10.45,84.5,8.86,2.69,3,Group study,74.8
S0052,15.26,89.5,6.29,3.07,1,Tutoring,85.4
S0053,11.0,76.6,7.07,2.75,5,Self-study,66.5
S0054,16.25,87.4,7.04,3.2,4,Group study,79.5
S0055,8.97,82.8,6.85,3.71,8,Group study,82.2
S0056,13.62,71.7,5.39,3.4,5,Group study,74.0
S0057,14.02,54.6,7.57,3.19,2,Self-study,67.1
S0058,10.02,83.1,6.97,2.84,4,Group study,72.1
S0059,10.94,82.5,8.53,2.07,3,Tutoring,80.4
S0060,12.74,86.0,6.38,2.35,5,Group study,60.7
S0061,19.25,65.7,7.3,3.08,3,Tutoring,87.0
S0062,7.58,71.3,8.41,3.12,8,Tutoring,54.0
S0063,16.95,90.8,8.62,3.47,5,Self-study,85.6
S0064,10.75,81.2,6.07,3.3,2,Group study,87.9
S0065,15.29,82.3,7.97,3.46,7,Self-study,82.8
S0066,15.07,59.3,6.42,2.55,3,Tutoring,71.5
S0067,18.35,93.2,5.82,2.83,4,Self-study,76.6
S0068,6.89,64.6,7.29,3.24,5,Self-study,63.6
S0069,2.38,75.4,7.31,2.85,8,Tutoring,59.1
S0070,3.33,61.2,7.76,2.09,7,Self-study,42.1
S0071,13.55,92.1,6.19,3.39,6,Group study,79.7
S0072,12.98,85.5,7.09,2.73,3,Self-study,73.8
S0073,11.36,85.8,8.0,2.65,3,Tutoring,68.2
S0074,18.22,77.5,5.53,3.2,6,Tutoring,76.5
S0075,12.05,94.7,7.92,3.46,5,Self-study,69.1
S0076,21.78,88.0,4.11,3.83,3,Group study,94.4
S0077,12.45,94.8,5.12,2.53,1,Self-study,75.6
S0078,8.66,84.1,7.58,3.05,1,Group study,74.4
S0079,2.3,71.2,6.67,2.81,6,Group study,65.6
S0080,12.58,90.7,7.12,3.29,2,Tutoring,83.0
S0081,11.25,83.4,7.78,2.88,5,Self-study,73.4
S0082,10.88,78.7,7.77,2.24,1,Self-study,66.8
S0083,5.77,33.1,6.02,2.88,4,Group study,52.6
S0084,12.83,93.5,8.39,3.15,6,Group study,75.4
S0085,12.39,68.9,6.02,2.36,2,Self-study,80.9
S0086,10.5,89.7,8.9,2.57,4,Self-study,65.5
S0087,7.63,83.5,6.89,2.17,6,Self-study,54.9
S0088,9.46,70.3,5.63,2.56,5,Tutoring,68.9
S0089,11.21,85.0,7.28,3.52,3,Self-study,78.8
S0090,5.8,88.8,6.8,3.26,5,Self-study,58.3
S0091,11.45,85.5,9.07,3.91,4,Tutoring,92.8
S0092,12.67,93.3,5.94,3.17,4,Self-study,76.7
S0093,13.32,70.2,4.85,2.1,2,Group study,55.5
S0094,10.07,75.1,9.04,3.45,2,Self-study,81.5
S0095,13.46,77.2,6.37,3.08,5,Tutoring,81.8
S0096,10.58,92.0,5.69,2.95,10,Group study,63.5
S0097,12.94,95.7,7.03,3.35,4,Tutoring,97.4
S0098,11.28,68.5,7.23,2.62,5,Self-study,69.2
S0099,16.56,89.8,6.33,3.34,3,Group study,85.1
S0100,15.93,55.7,6.05,2.24,1,Group study,78.4
S0101,17.73,94.7,5.85,2.64,0,Self-study,81.3
S0102,9.72,98.5,7.66,2.89,5,Self-study,72.6
S0103,5.44,69.2,7.15,2.72,6,Self-study,53.4
S0104,13.45,90.5,6.04,3.4,8,Tutoring,86.8
S0105,7.93,62.0,8.38,2.81,7,Group study,65.6
S0106,10.14,94.6,7.19,3.13,7,Group study,76.3
S0107,10.48,64.5,6.25,3.03,1,Group study,63.4
S0108,14.68,76.6,7.93,2.21,2,Group study,71.1
S0109,4.92,59.0,7.28,2.65,4,Self-study,54.4
S0110,11.33,83.6,5.71,3.2,5,Self-study,62.8
S0111,13.62,89.5,7.13,3.89,4,Group study,75.1
S0112,10.71,68.2,5.6,2.37,2,Self-study,65.8
S0113,11.7,85.6,6.91,2.72,6,Tutoring,54.5
S0114,15.11,82.5,5.92,3.27,4,Group study,82.0
S0115,5.92,73.7,7.34,2.45,4,Self-study,54.8
S0116,5.89,91.4,8.62,2.85,5,Group study,78.4
S0117,1.88,48.7,6.75,2.14,6,Self-study,40.0
S0118,20.39,73.3,5.37,3.26,7,Tutoring,88.8
S0119,6.87,79.6,9.1,2.31,1,Tutoring,61.9
S0120,10.22,71.5,7.73,3.04,1,Tutoring,73.6
S0121,14.16,75.4,8.09,2.87,2,Self-study,78.0
S0122,14.27,91.8,7.3,2.51,5,Self-study,69.6
S0123,7.66,80.3,5.39,2.95,3,Self-study,73.0
S0124,6.61,85.5,7.38,2.64,7,Self-study,55.5
S0125,10.15,80.1,7.18,2.72,5,Self-study,69.1
S0126,9.76,72.8,8.39,2.58,0,Self-study,71.7
S0127,18.77,99.6,6.36,2.63,3,Tutoring,91.0
S0128,10.8,77.5,5.57,3.1,5,Self-study,83.8
S0129,5.72,84.5,9.46,3.01,3,Self-study,60.4
S0130,11.4,88.5,4.94,2.98,3,Tutoring,65.3
S0131,19.76,86.7,8.35,2.93,4,Group study,76.8
S0132,13.34,69.6,6.85,3.47,3,Group study,82.1
S0133,4.89,73.3,6.07,2.57,4,Group study,64.2
S0134,4.84,44.3,7.45,2.47,0,Tutoring,55.4
S0135,15.3,87.9,5.89,2.59,6,Group study,67.3
S0136,13.47,99.0,7.49,3.38,3,Group study,90.2
S0137,15.43,91.4,8.15,3.03,3,Group study,72.5
S0138,9.99,89.2,8.67,2.89,3,Self-study,79.9
S0139,13.32,79.5,7.79,2.22,2,Self-study,88.5
S0140,8.71,37.0,5.58,2.33,4,Self-study,52.6
S0141,16.67,83.0,5.41,3.07,6,Self-study,81.2
S0142,7.9,61.6,7.5,2.75,5,Group study,58.3
S0143,11.94,89.7,5.71,2.98,4,Self-study,60.0
S0144,6.89,48.1,7.61,2.63,2,Self-study,50.1
S0145,11.6,93.1,4.37,2.35,3,Self-study,58.4
S0146,18.14,90.2,7.45,2.84,1,Tutoring,74.3
S0147,13.88,84.2,7.35,3.03,4,Self-study,88.2
S0148,12.66,90.9,7.77,2.5,0,Group study,76.8
S0149,16.21,95.7,5.61,2.45,4,Tutoring,82.3
S0150,15.91,98.0,7.43,3.14,2,Self-study,80.5
S0151,12.05,77.3,5.62,3.71,8,Group study,76.3
S0152,16.77,73.0,7.47,3.4,4,Self-study,86.0
S0153,17.25,92.6,7.49,3.51,4,Self-study,85.3
S0154,4.51,74.4,6.49,2.22,8,Group study,60.1
S0155,19.26,97.4,6.95,3.87,3,Tutoring,95.1
S0156,12.85,65.0,7.09,3.01,2,Self-study,66.7
S0157,11.78,80.2,8.83,3.44,3,Group study,67.4
S0158,13.04,83.2,6.53,2.61,4,Self-study,55.6
S0159,8.87,56.7,7.36,2.99,1,Group study,63.1
S0160,11.48,92.0,8.13,3.5,4,Group study,81.4
S0161,8.45,59.2,7.21,2.97,7,Group study,53.6
S0162,16.62,84.4,5.19,2.96,4,Group study,78.5
S0163,11.15,71.7,7.05,2.75,3,Self-study,67.1
S0164,13.31,77.1,6.98,3.14,2,Group study,60.4
S0165,9.98,94.4,5.73,2.14,1,Group study,61.9
S0166,12.12,82.1,6.67,3.47,0,Group study,83.0
S0167,13.66,96.6,5.63,2.95,3,Self-study,80.2
S0168,8.24,72.3,8.53,3.64,3,Self-study,62.4
S0169,20.0,89.1,8.46,3.35,3,Self-study,87.8
S0170,13.53,99.8,8.06,3.04,5,Self-study,86.5
S0171,10.48,72.4,7.83,2.98,4,Self-study,73.6
S0172,12.06,85.9,7.32,2.31,5,Self-study,66.4
S0173,7.88,51.7,6.74,2.79,3,Group study,56.7
S0174,15.49,64.1,6.04,2.79,4,Self-study,64.9
S0175,13.17,66.9,7.46,3.04,1,Tutoring,78.4
S0176,3.77,72.0,6.89,2.66,4,Group study,61.0
S0177,12.95,92.5,5.61,2.58,2,Group study,79.6
S0178,13.21,94.7,6.4,2.14,1,Self-study,71.6
S0179,8.5,68.7,6.42,2.83,4,Self-study,69.3
S0180,16.41,76.5,5.57,3.24,1,Group study,81.1
S0181,13.64,84.5,6.58,3.66,3,Tutoring,90.7
S0182,20.65,86.8,4.97,3.24,2,Self-study,90.8
S0183,8.84,83.7,7.6,2.71,6,Group study,62.4
S0184,16.86,97.1,7.36,3.82,1,Group study,78.6
S0185,10.66,66.1,6.89,2.69,4,Group study,77.7
S0186,19.91,86.8,6.92,3.2,4,Self-study,86.3
S0187,12.03,87.2,8.17,3.73,4,Group study,69.4
S0188,14.48,66.1,6.47,3.37,6,Self-study,68.0
S0189,12.89,92.0,7.42,3.58,4,Tutoring,90.8
S0190,10.51,84.5,3.58,2.94,0,Self-study,65.5
S0191,4.76,80.3,7.69,2.36,3,Self-study,54.5
S0192,17.76,80.8,9.05,3.3,4,Tutoring,95.7
S0193,18.79,89.2,5.4,3.15,4,Self-study,74.3
S0194,6.27,71.0,6.17,3.09,4,Self-study,57.5
S0195,10.81,78.8,7.09,3.2,2,Self-study,73.9
S0196,7.63,90.5,6.64,2.35,5,Self-study,66.6
S0197,13.95,58.5,6.8,3.27,5,Self-study,73.8
S0198,14.65,61.8,6.9,2.91,3,Self-study,76.2
S0199,15.66,96.9,8.85,3.83,3,Group study,91.7
S0200,13.48,91.4,6.96,3.16,5,Group study,83.6
S0201,11.75,69.9,6.26,3.16,4,Self-study,68.1
S0202,13.43,90.5,6.39,3.36,5,Group study,81.8
S0203,6.81,92.8,6.61,2.25,2,Self-study,64.2
S0204,7.71,77.7,6.67,2.71,5,Tutoring,69.1
S0205,13.43,86.8,7.24,3.33,0,Self-study,85.0
S0206,10.47,41.7,6.65,2.81,6,Group study,63.9
S0207,16.99,88.5,6.05,3.34,3,Self-study,83.3
S0208,11.99,92.3,6.28,3.34,5,Group study,73.9
S0209,7.99,89.5,7.87,3.0,2,Self-study,70.8
S0210,8.39,68.9,7.5,2.5,5,Group study,62.2
S0211,6.78,72.5,7.11,3.75,2,Self-study,72.1
S0212,18.18,88.9,7.03,3.3,4,Tutoring,100.0
S0213,11.35,95.2,6.48,3.48,3,Group study,77.9
S0214,11.75,63.9,7.2,3.5,4,Group study,76.9
S0215,11.17,62.3,6.45,2.28,2,Tutoring,72.5
S0216,12.95,95.1,10.09,3.06,6,Tutoring,81.6
S0217,13.02,80.5,7.23,3.08,4,Self-study,91.2
S0218,10.29,55.9,4.96,3.01,4,Self-study,58.6
S0219,9.5,79.0,7.8,3.03,3,Self-study,71.5
S0220,17.15,97.7,7.33,3.68,6,Self-study,81.6
S0221,16.75,92.1,7.35,3.44,2,Group study,84.5
S0222,14.94,63.1,5.62,3.47,6,Tutoring,79.2
S0223,18.25,84.1,5.21,3.04,4,Tutoring,89.4
S0224,12.33,93.6,6.51,3.2,2,Group study,82.8
S0225,13.89,83.5,5.87,2.93,4,Group study,85.9
S0226,10.87,96.6,6.94,2.97,1,Tutoring,78.9
S0227,8.24,73.3,6.15,3.34,4,Tutoring,70.1
S0228,17.41,87.3,6.63,3.16,4,Self-study,100.0
S0229,19.22,51.2,3.97,2.78,4,Group study,72.0
S0230,14.9,89.7,6.3,3.5,6,Tutoring,80.0
S0231,12.77,92.6,7.19,2.89,5,Self-study,69.5
S0232,12.46,82.0,8.45,2.16,1,Self-study,59.5
S0233,7.01,70.1,6.68,2.21,2,Tutoring,68.3
S0234,8.38,98.3,9.27,2.98,3,Tutoring,74.0
S0235,7.17,42.2,6.65,2.32,4,Tutoring,55.2
S0236,5.28,60.7,7.16,2.87,5,Group study,59.2
S0237,6.45,87.0,6.22,3.06,4,Self-study,73.2
S0238,6.22,69.9,7.41,3.03,4,Self-study,56.3
S0239,18.43,95.6,6.36,3.56,8,Group study,81.2
S0240,20.23,72.2,5.27,3.73,2,Group study,88.6
S0241,6.45,67.3,7.45,2.76,3,Group study,67.0
S0242,9.17,66.9,5.84,3.68,5,Group study,75.0
S0243,15.72,78.6,6.38,2.81,0,Self-study,69.1
S0244,6.21,42.6,4.29,2.09,8,Group study,50.4
S0245,11.81,94.4,7.42,3.4,2,Self-study,73.8
S0246,14.2,91.5,6.14,3.3,5,Self-study,75.7
S0247,9.69,60.2,5.43,2.81,5,Self-study,53.7
S0248,8.67,78.4,7.59,3.16,7,Self-study,77.6
S0249,17.36,72.4,8.37,3.02,5,Tutoring,84.5
S0250,12.29,75.8,4.7,2.81,1,Self-study,72.4
S0251,16.06,97.1,5.91,3.31,2,Self-study,93.4
S0252,9.36,88.5,6.95,3.62,3,Group study,100.0
S0253,16.2,86.7,7.54,3.03,3,Group study,68.5
S0254,11.51,67.8,7.47,3.22,5,Self-study,63.9
S0255,18.46,97.5,6.28,3.44,2,Self-study,83.6
S0256,12.1,72.6,8.56,3.2,3,Self-study,65.4
S0257,17.01,50.9,4.07,3.22,4,Group study,62.3
S0258,13.05,61.0,6.58,3.72,6,Self-study,71.1
S0259,12.71,75.9,6.27,2.16,4,Self-study,55.1
S0260,15.55,59.9,5.73,2.54,2,Self-study,69.1
S0261,12.22,45.8,7.25,3.2,3,Group study,67.5
S0262,1.58,51.2,8.51,1.6,3,Self-study,44.0
S0263,7.04,87.0,6.33,2.99,5,Tutoring,75.4
S0264,19.71,86.3,6.89,2.71,6,Self-study,83.7
S0265,8.81,69.0,6.84,2.25,4,Group study,58.3
S0266,16.06,88.7,4.87,3.02,6,Self-study,92.2
S0267,4.11,53.3,7.99,2.81,5,Self-study,55.3
S0268,19.81,92.8,7.28,4.0,3,Self-study,79.0
S0269,8.65,83.9,7.48,2.73,2,Group study,62.1
S0270,21.7,92.8,5.61,3.67,3,Tutoring,82.6
S0271,10.94,87.5,5.45,3.06,9,Self-study,70.6
S0272,13.96,78.3,6.1,2.86,3,Self-study,71.7
S0273,10.41,90.7,5.01,3.23,4,Tutoring,73.5
S0274,13.58,65.4,8.11,3.54,5,Group study,91.3
S0275,5.64,86.0,7.61,2.24,4,Self-study,63.7
S0276,13.53,89.5,7.0,3.21,7,Self-study,82.4
S0277,17.15,38.4,5.9,2.92,1,Group study,61.8
S0278,12.4,94.4,5.7,3.16,2,Group study,72.4
S0279,9.18,94.3,6.47,3.14,1,Group study,77.1
S0280,19.82,93.8,6.34,3.52,1,Tutoring,95.2
S0281,16.97,82.2,6.33,2.95,3,Self-study,64.0
S0282,14.92,87.4,7.45,3.15,5,Self-study,76.7
S0283,10.24,98.1,5.35,3.47,7,Self-study,76.6
S0284,8.42,97.6,8.33,3.45,4,Self-study,74.5
S0285,11.09,77.5,7.26,3.52,4,Self-study,68.3
S0286,8.17,88.1,8.09,3.22,5,Self-study,67.0
S0287,10.86,65.3,5.76,2.22,5,Self-study,57.7
S0288,11.65,74.6,3.5,2.31,7,Group study,61.6
S0289,9.21,83.6,5.38,3.4,4,Self-study,76.2
S0290,13.22,98.8,8.73,3.16,2,Self-study,88.3
S0291,10.63,86.7,6.8,2.83,7,Group study,69.7
S0292,11.52,98.5,7.19,3.82,4,Group study,82.1
S0293,16.04,75.3,5.59,3.22,6,Group study,81.3
S0294,12.17,60.6,5.11,2.3,1,Group study,66.9
S0295,12.46,93.6,6.89,2.22,3,Group study,68.7
S0296,11.32,97.9,5.42,2.87,8,Self-study,78.4
S0297,13.89,89.8,6.92,3.24,5,Self-study,85.6
S0298,8.6,89.0,5.49,2.98,5,Group study,80.9
S0299,9.41,78.5,6.2,2.46,3,Self-study,77.4
S0300,7.36,81.2,5.73,3.06,2,Self-study,60.8
S0301,9.62,69.0,8.33,3.08,3,Self-study,67.1
S0302,14.09,48.0,6.42,3.7,4,Self-study,71.5
S0303,12.29,88.4,7.86,2.33,1,Self-study,68.8
S0304,12.88,71.6,8.17,2.94,1,Self-study,66.0
S0305,6.67,27.6,6.44,2.55,3,Tutoring,40.9
S0306,16.53,95.9,6.56,2.41,5,Tutoring,80.6
S0307,14.33,87.5,7.85,2.71,8,Self-study,67.0
S0308,7.97,87.1,5.14,2.45,8,Tutoring,66.3
S0309,10.9,90.3,7.21,2.99,7,Self-study,66.3
S0310,11.01,49.8,5.73,3.02,5,Tutoring,57.6
S0311,5.42,61.6,6.33,2.55,2,Tutoring,61.8
S0312,9.36,66.8,7.7,3.22,4,Self-study,68.1
S0313,10.35,81.8,5.96,2.46,2,Group study,73.0
S0314,9.33,58.9,6.96,3.12,1,Tutoring,85.4
S0315,12.11,78.5,7.16,3.0,1,Tutoring,78.5
S0316,6.7,76.2,8.18,2.03,5,Tutoring,63.7
S0317,17.0,84.4,7.2,2.93,3,Group study,72.6
S0318,5.19,32.2,7.88,2.29,3,Self-study,35.6
S0319,6.18,49.9,6.68,2.42,5,Tutoring,67.6
S0320,13.9,87.3,7.03,3.71,2,Group study,77.9
