tender_id,identified_date_key,decision_date_key,region_id,contractor_id,stage_id,reached_stage_id,bid_value,outcome,is_won,is_decided,contract_id
T0001,2025-02-23,2025-05-27,R05,K11,5,3,250420.29,Lost,0,1,
T0002,2024-02-26,2024-05-16,R04,K09,5,3,754436.87,Lost,0,1,
T0003,2024-05-05,2024-07-19,R03,K05,5,3,530697.01,Lost,0,1,
T0004,2024-02-20,2024-05-19,R06,K12,5,3,533679.22,Lost,0,1,
T0005,2025-01-12,2025-04-02,R08,K09,5,3,652906.79,Lost,0,1,
T0006,2025-01-19,2025-03-18,R01,K02,4,3,200699.35,Won,1,1,C0217
T0007,2024-07-16,2024-09-19,R02,K09,5,3,445451.25,Lost,0,1,
T0008,2024-02-24,2024-04-20,R08,K08,5,3,997213.06,Lost,0,1,
T0009,2025-06-04,2025-06-30,R01,K12,5,3,541925.18,Lost,0,1,
T0010,2024-04-04,2024-05-16,R01,K04,5,3,630217.27,Lost,0,1,
T0011,2025-03-23,2025-06-15,R01,K01,4,3,682916.12,Won,1,1,C0273
T0012,2024-01-31,2024-03-01,R02,K08,5,3,212079.11,Lost,0,1,
T0013,2025-11-12,,R06,K02,3,3,497024.41,In progress,0,0,
T0014,2025-10-16,,R03,K06,3,3,656447.7,In progress,0,0,
T0015,2024-01-27,2024-04-07,R02,K09,5,3,755240.52,Lost,0,1,
T0016,2025-02-04,2025-04-27,R02,K05,5,3,406717.61,Lost,0,1,
T0017,2025-02-01,2025-04-05,R05,K03,4,3,815414.49,Won,1,1,C0226
T0018,2024-11-13,2024-12-24,R01,K09,5,3,654857.91,Lost,0,1,
T0019,2024-01-29,2024-04-08,R05,K03,5,3,257454.52,Lost,0,1,
T0020,2025-01-22,2025-03-13,R07,K12,5,3,1062736.73,Lost,0,1,
T0021,2025-10-29,,R04,K11,3,3,267779.83,In progress,0,0,
T0022,2025-05-03,2025-05-30,R02,K04,4,3,205220.12,Won,1,1,C0298
T0023,2024-05-27,2024-08-10,R08,K05,5,3,561312.21,Lost,0,1,
T0024,2025-02-18,2025-05-11,R04,K11,5,2,245855.8,Lost,0,1,
T0025,2024-02-13,2024-04-12,R08,K08,4,3,885501.88,Won,1,1,C0038
T0026,2025-07-04,2025-09-22,R08,K07,5,3,535637.73,Lost,0,1,
T0027,2024-03-28,2024-06-07,R03,K08,5,3,386644.08,Lost,0,1,
T0028,2024-02-25,2024-03-30,R02,K08,4,3,251762.85,Won,1,1,C0053
T0029,2024-01-20,2024-02-22,R02,K09,4,3,186378.97,Won,1,1,C0020
T0030,2025-04-29,2025-06-01,R03,K05,5,3,92743.38,Lost,0,1,
T0031,2025-03-07,2025-04-05,R02,K09,5,3,922367.8,Lost,0,1,
T0032,2024-09-08,2024-11-19,R04,K10,5,3,436932.65,Lost,0,1,
T0033,2025-10-31,,R04,K11,3,3,871736.11,In progress,0,0,
T0034,2024-08-19,2024-09-19,R06,K04,4,3,1254361.66,Won,1,1,C0150
T0035,2025-12-18,2025-12-31,R05,K08,5,1,466477.39,Lost,0,1,
T0036,2024-09-15,2024-11-06,R08,K07,5,3,409008.32,Lost,0,1,
T0037,2025-11-16,,R07,K12,3,3,2581439.14,In progress,0,0,
T0038,2025-09-06,,R05,K09,3,3,370797.98,In progress,0,0,
T0039,2024-03-30,2024-06-03,R05,K08,5,3,553529.34,Lost,0,1,
T0040,2025-10-23,,R05,K09,3,3,254482.64,In progress,0,0,
T0041,2024-07-23,2024-08-24,R04,K12,5,1,576601.93,Lost,0,1,
T0042,2024-07-07,2024-08-03,R02,K11,5,2,171669.05,Lost,0,1,
T0043,2024-06-19,2024-09-18,R04,K08,5,3,402700.66,Lost,0,1,
T0044,2024-05-22,2024-07-10,R05,K07,5,3,462742.12,Lost,0,1,
T0045,2024-09-30,2024-10-31,R07,K12,5,1,493651.34,Lost,0,1,
T0046,2025-02-12,2025-03-09,R04,K10,5,3,63381.99,Lost,0,1,
T0047,2024-03-06,2024-05-16,R07,K01,4,3,1108987.37,Won,1,1,C0066
T0048,2024-04-21,2024-06-08,R06,K09,5,3,944296.33,Lost,0,1,
T0049,2025-06-12,2025-07-04,R03,K01,4,3,274827.96,Won,1,1,C0319
T0050,2024-02-06,2024-05-14,R08,K08,5,3,388611.81,Lost,0,1,
T0051,2025-08-03,2025-09-02,R04,K03,5,3,341757.85,Lost,0,1,
T0052,2024-09-25,2024-10-20,R06,K09,5,3,600086.42,Lost,0,1,
T0053,2024-09-23,2024-11-19,R08,K12,5,3,837387.07,Lost,0,1,
T0054,2025-11-02,,R07,K12,3,3,435463.76,In progress,0,0,
T0055,2025-11-24,2025-12-31,R08,K05,5,3,553135.41,Lost,0,1,
T0056,2024-11-12,2025-01-15,R08,K10,5,3,900441.49,Lost,0,1,
T0057,2024-01-17,2024-03-05,R01,K03,4,3,207667.17,Won,1,1,C0017
T0058,2024-07-21,2024-09-25,R03,K10,5,3,359763.31,Lost,0,1,
T0059,2024-03-09,2024-05-06,R03,K09,4,3,459781.29,Won,1,1,C0072
T0060,2024-06-25,2024-09-27,R01,K11,5,3,386518.96,Lost,0,1,
T0061,2024-09-13,2024-12-06,R03,K10,5,3,490284.37,Lost,0,1,
T0062,2025-07-10,2025-08-07,R07,K05,5,3,2694056.07,Lost,0,1,
T0063,2025-11-07,2025-12-31,R04,K05,5,3,254618.22,Lost,0,1,
T0064,2024-02-21,2024-05-02,R02,K08,5,3,391837.9,Lost,0,1,
T0065,2025-01-10,2025-03-11,R07,K05,5,3,1452666.82,Lost,0,1,
T0066,2025-09-06,2025-11-06,R03,K08,5,3,326665.35,Lost,0,1,
T0067,2025-12-23,,R04,K02,2,2,430197.82,In progress,0,0,
T0068,2024-01-19,2024-04-22,R05,K04,5,1,683490.97,Lost,0,1,
T0069,2025-01-03,2025-03-03,R02,K06,4,3,244870.33,Won,1,1,C0204
T0070,2024-01-15,2024-03-07,R04,K01,5,1,410671.74,Lost,0,1,
T0071,2025-03-23,2025-05-17,R01,K07,4,3,623071.72,Won,1,1,C0274
T0072,2024-03-14,2024-06-12,R01,K02,5,3,280951.41,Lost,0,1,
T0073,2025-02-19,2025-03-18,R05,K04,5,3,569837.95,Lost,0,1,
T0074,2025-07-24,,R06,K11,3,3,886077.03,In progress,0,0,
T0075,2025-04-28,2025-08-02,R01,K05,5,3,217435.18,Lost,0,1,
T0076,2024-01-22,2024-02-25,R03,K07,5,3,545120.19,Lost,0,1,
T0077,2024-12-05,2025-02-18,R02,K05,5,3,644686.35,Lost,0,1,
T0078,2025-02-09,2025-03-12,R06,K07,5,3,624216.24,Lost,0,1,
T0079,2024-03-23,2024-05-13,R02,K04,4,3,295586.08,Won,1,1,C0088
T0080,2024-03-10,2024-06-13,R05,K12,5,3,679013.24,Lost,0,1,
T0081,2024-03-03,2024-04-07,R01,K10,5,3,444671.63,Lost,0,1,
T0082,2025-02-18,2025-03-17,R05,K12,5,3,562757.11,Lost,0,1,
T0083,2025-11-12,2025-12-31,R07,K06,4,3,551632.77,Won,1,1,C0388
T0084,2025-03-22,2025-06-13,R03,K10,4,3,179879.62,Won,1,1,C0270
T0085,2024-04-08,2024-05-24,R04,K11,4,3,606357.34,Won,1,1,C0100
T0086,2024-02-07,2024-05-02,R05,K07,5,3,410121.83,Lost,0,1,
T0087,2025-12-16,2025-12-31,R02,K07,5,3,183681.38,Lost,0,1,
T0088,2025-11-04,2025-12-03,R08,K12,5,3,2251403.69,Lost,0,1,
T0089,2024-10-31,2025-02-01,R03,K06,4,3,553708.83,Won,1,1,C0175
T0090,2024-10-03,2024-11-03,R06,K01,5,3,1256413.65,Lost,0,1,
T0091,2025-01-13,2025-04-07,R04,K10,5,2,234496.06,Lost,0,1,
T0092,2024-06-25,2024-09-17,R03,K03,5,3,411352.2,Lost,0,1,
T0093,2025-10-31,,R08,K11,3,3,143919.19,In progress,0,0,
T0094,2025-05-05,2025-07-30,R04,K02,4,3,472722.54,Won,1,1,C0299
T0095,2025-05-19,2025-07-14,R01,K03,4,3,937269.74,Won,1,1,C0306
T0096,2024-02-05,2024-04-30,R04,K02,4,3,212860.3,Won,1,1,C0031
T0097,2025-08-11,2025-10-14,R06,K02,5,1,1071423.93,Lost,0,1,
T0098,2024-01-31,2024-02-28,R01,K06,5,3,563745.84,Lost,0,1,
T0099,2024-01-19,2024-02-12,R02,K10,5,3,190652.89,Lost,0,1,
T0100,2024-03-19,2024-05-06,R06,K04,5,3,1574759.94,Lost,0,1,
T0101,2025-09-23,2025-12-06,R08,K07,4,3,1219115.87,Won,1,1,C0362
T0102,2025-09-14,,R03,K05,3,3,352523.07,In progress,0,0,
T0103,2024-03-01,2024-04-02,R02,K01,4,3,192548.47,Won,1,1,C0061
T0104,2024-01-16,2024-02-25,R04,K06,4,3,312376.84,Won,1,1,C0015
T0105,2025-02-01,2025-03-25,R03,K03,5,3,321315.94,Lost,0,1,
T0106,2024-09-04,2024-10-04,R07,K10,5,3,456689.9,Lost,0,1,
T0107,2024-01-09,2024-03-23,R01,K02,4,3,424125.9,Won,1,1,C0009
T0108,2025-01-12,2025-02-15,R04,K08,4,3,389512.98,Won,1,1,C0209
T0109,2025-06-15,2025-07-14,R07,K09,5,3,436283.03,Lost,0,1,
T0110,2024-01-21,2024-04-23,R08,K04,4,3,452296.65,Won,1,1,C0022
T0111,2025-07-27,2025-08-30,R08,K02,5,3,203988.12,Lost,0,1,
T0112,2025-01-15,2025-04-04,R05,K03,5,3,375488.1,Lost,0,1,
T0113,2025-05-25,2025-07-19,R07,K06,5,3,680538.02,Lost,0,1,
T0114,2024-03-27,2024-05-19,R05,K10,5,3,700492.57,Lost,0,1,
T0115,2025-03-13,2025-06-02,R01,K05,5,3,250689.04,Lost,0,1,
T0116,2024-08-07,2024-10-06,R03,K05,4,3,573251.03,Won,1,1,C0146
T0117,2025-02-23,2025-04-26,R01,K05,4,3,707606.83,Won,1,1,C0246
T0118,2025-01-21,2025-04-05,R05,K11,5,3,407293.63,Lost,0,1,
T0119,2025-04-04,2025-06-22,R01,K09,5,3,362731.92,Lost,0,1,
T0120,2025-04-02,2025-05-10,R08,K06,5,3,1848661.16,Lost,0,1,
T0121,2024-03-18,2024-05-10,R02,K02,5,3,274143.98,Lost,0,1,
T0122,2025-04-26,2025-06-09,R03,K01,4,3,703267.47,Won,1,1,C0294
T0123,2025-11-17,,R04,K09,3,3,327001.16,In progress,0,0,
T0124,2024-08-09,2024-11-15,R02,K02,5,3,444807.06,Lost,0,1,
T0125,2024-10-22,2024-11-24,R03,K04,5,3,294525.77,Lost,0,1,
T0126,2025-01-23,2025-03-20,R08,K06,4,3,364238.72,Won,1,1,C0220
T0127,2025-12-01,,R04,K10,3,3,425921.06,In progress,0,0,
T0128,2024-01-08,2024-03-06,R05,K10,5,3,414908.88,Lost,0,1,
T0129,2024-11-23,2024-12-20,R02,K09,5,3,930101.37,Lost,0,1,
T0130,2025-03-22,2025-05-07,R05,K10,5,3,417929.22,Lost,0,1,
T0131,2025-02-04,2025-02-25,R05,K09,5,3,477509.03,Lost,0,1,
T0132,2024-03-04,2024-05-08,R03,K10,5,3,530566.12,Lost,0,1,
T0133,2024-05-27,2024-06-30,R07,K05,5,3,902687.57,Lost,0,1,
T0134,2024-03-14,2024-06-19,R06,K09,5,3,1124043.17,Lost,0,1,
T0135,2024-03-05,2024-06-06,R03,K10,5,1,501970.28,Lost,0,1,
T0136,2024-06-13,2024-09-07,R01,K01,4,3,493984.52,Won,1,1,C0134
T0137,2024-02-04,2024-03-17,R04,K04,5,3,454791.76,Lost,0,1,
T0138,2024-12-16,2025-02-26,R07,K08,5,2,2715777.8,Lost,0,1,
T0139,2024-02-04,2024-05-06,R06,K01,4,3,1002665.51,Won,1,1,C0030
T0140,2024-02-20,2024-03-13,R06,K03,4,3,1600031.71,Won,1,1,C0045
T0141,2024-07-31,2024-08-28,R04,K10,5,3,831151.27,Lost,0,1,
T0142,2025-03-02,2025-06-05,R04,K04,5,3,593119.59,Lost,0,1,
T0143,2024-12-29,2025-02-18,R05,K12,5,3,942895.29,Lost,0,1,
T0144,2025-06-21,2025-08-17,R03,K01,5,3,162625.42,Lost,0,1,
T0145,2024-12-15,2025-01-09,R04,K11,5,3,296720.93,Lost,0,1,
T0146,2024-06-17,2024-08-03,R01,K03,5,3,470367.68,Lost,0,1,
T0147,2024-09-04,2024-10-27,R02,K02,5,2,187451.32,Lost,0,1,
T0148,2024-11-08,2024-12-16,R05,K04,5,3,247704.28,Lost,0,1,
T0149,2025-10-01,,R01,K09,3,3,274212.78,In progress,0,0,
T0150,2025-09-28,2025-10-20,R03,K06,4,3,227586.29,Won,1,1,C0365
T0151,2025-03-02,2025-04-30,R04,K08,5,3,317940.68,Lost,0,1,
T0152,2025-01-16,2025-02-08,R02,K02,5,3,746129.89,Lost,0,1,
T0153,2024-06-21,2024-08-05,R03,K10,5,3,339647.02,Lost,0,1,
T0154,2025-12-02,2025-12-31,R07,K03,4,3,758107.57,Won,1,1,C0401
T0155,2025-04-07,2025-06-11,R07,K03,5,3,722607.36,Lost,0,1,
T0156,2024-04-28,2024-06-27,R05,K08,5,3,816720.93,Lost,0,1,
T0157,2025-02-24,2025-05-26,R06,K10,5,3,375888.96,Lost,0,1,
T0158,2025-12-07,,R05,K02,3,3,945598.41,In progress,0,0,
T0159,2024-10-24,2024-12-17,R03,K08,5,3,562481.56,Lost,0,1,
T0160,2025-03-16,2025-04-08,R03,K01,5,3,407653.92,Lost,0,1,
T0161,2025-01-13,2025-03-28,R08,K07,5,1,875106.46,Lost,0,1,
T0162,2025-06-18,2025-09-24,R06,K08,5,3,1355054.34,Lost,0,1,
T0163,2024-10-18,2024-12-31,R06,K05,5,3,363643.7,Lost,0,1,
T0164,2025-05-10,2025-06-01,R04,K11,5,3,121842.97,Lost,0,1,
T0165,2024-03-03,2024-04-21,R01,K09,5,3,156170.31,Lost,0,1,
T0166,2025-04-01,2025-06-11,R04,K04,5,3,574164.1,Lost,0,1,
T0167,2024-02-23,2024-04-01,R01,K10,5,3,251067.02,Lost,0,1,
T0168,2024-02-18,2024-03-28,R04,K01,5,3,180380.06,Lost,0,1,
T0169,2024-03-22,2024-05-02,R03,K08,5,2,489951.71,Lost,0,1,
T0170,2025-02-17,2025-04-17,R07,K07,4,3,993501.79,Won,1,1,C0239
T0171,2024-08-26,2024-11-06,R01,K08,5,3,441763.41,Lost,0,1,
T0172,2024-02-08,2024-05-05,R02,K04,5,3,630598.18,Lost,0,1,
T0173,2025-03-17,2025-05-09,R07,K03,4,3,1395794.06,Won,1,1,C0266
T0174,2024-02-07,2024-03-14,R03,K01,5,1,188401.95,Lost,0,1,
T0175,2024-02-08,2024-05-13,R03,K01,5,3,378445.83,Lost,0,1,
T0176,2024-06-11,2024-08-25,R03,K09,5,3,449313.21,Lost,0,1,
T0177,2025-10-24,2025-11-17,R03,K10,5,3,90601.45,Lost,0,1,
T0178,2025-09-04,2025-12-11,R02,K07,5,3,192462.35,Lost,0,1,
T0179,2025-03-02,2025-05-16,R08,K04,5,3,223722.85,Lost,0,1,
T0180,2024-02-04,2024-03-22,R03,K12,5,3,260694.4,Lost,0,1,
T0181,2024-01-23,2024-03-07,R03,K11,5,3,893339.33,Lost,0,1,
T0182,2024-12-17,2025-03-17,R04,K09,4,3,416497.8,Won,1,1,C0191
T0183,2025-01-02,2025-03-12,R05,K12,5,3,317202.32,Lost,0,1,
T0184,2024-02-23,2024-04-25,R07,K08,4,3,427661.38,Won,1,1,C0051
T0185,2024-12-24,2025-03-27,R08,K03,4,3,468314.39,Won,1,1,C0195
T0186,2024-04-16,2024-05-10,R01,K05,5,2,309860.17,Lost,0,1,
T0187,2025-04-18,2025-05-26,R02,K03,4,3,332484.89,Won,1,1,C0291
T0188,2024-02-21,2024-03-27,R04,K04,4,3,437739.88,Won,1,1,C0046
T0189,2025-01-20,2025-03-07,R01,K06,5,2,491411.74,Lost,0,1,
T0190,2025-08-07,2025-09-23,R06,K07,5,3,1129667.83,Lost,0,1,
T0191,2025-03-20,2025-06-17,R08,K02,5,3,1146919.04,Lost,0,1,
T0192,2025-03-18,2025-05-18,R01,K11,5,3,164950.72,Lost,0,1,
T0193,2025-02-08,2025-04-27,R08,K06,5,3,1986798.62,Lost,0,1,
T0194,2025-06-29,2025-07-26,R01,K01,4,3,733283.31,Won,1,1,C0325
T0195,2025-05-04,2025-07-18,R03,K11,5,3,712826.51,Lost,0,1,
T0196,2024-02-01,2024-04-26,R08,K02,5,3,1226383.55,Lost,0,1,
T0197,2025-10-12,2025-11-28,R01,K02,4,3,509380.75,Won,1,1,C0374
T0198,2025-10-01,2025-12-29,R03,K01,5,3,212300.29,Lost,0,1,
T0199,2025-02-22,2025-03-30,R05,K07,5,3,558234.56,Lost,0,1,
T0200,2025-12-14,,R03,K09,3,3,1155427.2,In progress,0,0,
T0201,2024-03-16,2024-06-05,R07,K02,4,3,1038326.93,Won,1,1,C0079
T0202,2024-09-18,2024-11-01,R06,K01,5,3,708958.29,Lost,0,1,
T0203,2024-09-29,2024-11-14,R04,K08,5,1,897218.24,Lost,0,1,
T0204,2024-02-27,2024-06-04,R06,K03,4,3,1110183.11,Won,1,1,C0056
T0205,2025-01-17,2025-02-18,R04,K04,5,3,178222.76,Lost,0,1,
T0206,2024-12-03,2025-02-09,R06,K11,5,3,366022.78,Lost,0,1,
T0207,2024-06-01,2024-06-29,R04,K02,4,3,438770.28,Won,1,1,C0130
T0208,2025-11-30,,R04,K09,3,3,283059.21,In progress,0,0,
T0209,2025-07-18,2025-08-15,R01,K02,4,3,478435.76,Won,1,1,C0332
T0210,2025-05-14,2025-08-05,R03,K03,5,3,387713.87,Lost,0,1,
T0211,2024-03-16,2024-05-22,R05,K01,4,3,460152.27,Won,1,1,C0080
T0212,2025-02-09,2025-03-05,R01,K10,5,3,239355.91,Lost,0,1,
T0213,2024-01-13,2024-02-28,R04,K08,5,3,229088.21,Lost,0,1,
T0214,2025-07-26,2025-10-24,R08,K11,5,3,333145.97,Lost,0,1,
T0215,2024-01-14,2024-03-15,R06,K06,4,3,1824144.0,Won,1,1,C0013
T0216,2025-04-09,2025-06-10,R07,K09,5,3,1234262.42,Lost,0,1,
T0217,2024-05-16,2024-07-11,R04,K10,5,3,584700.18,Lost,0,1,
T0218,2025-01-25,2025-04-09,R07,K05,5,3,1104216.87,Lost,0,1,
T0219,2024-01-12,2024-04-15,R08,K05,5,3,327943.38,Lost,0,1,
T0220,2024-05-04,2024-07-24,R03,K05,5,3,430206.94,Lost,0,1,
T0221,2024-04-30,2024-07-06,R06,K10,5,3,855791.13,Lost,0,1,
T0222,2025-06-23,2025-07-28,R02,K07,5,3,486316.25,Lost,0,1,
T0223,2025-03-31,2025-06-27,R05,K02,5,3,157657.19,Lost,0,1,
T0224,2025-12-07,,R07,K02,3,3,1519736.95,In progress,0,0,
T0225,2024-04-11,2024-05-07,R07,K08,4,3,231701.08,Won,1,1,C0103
T0226,2025-10-20,2025-12-31,R02,K08,5,1,370585.67,Lost,0,1,
T0227,2024-03-16,2024-06-10,R07,K06,5,3,814905.39,Lost,0,1,
T0228,2024-09-28,2024-12-20,R06,K12,4,3,2167786.83,Won,1,1,C0167
T0229,2024-03-02,2024-04-04,R01,K06,5,3,365278.26,Lost,0,1,
T0230,2024-04-01,2024-07-08,R06,K07,5,3,455908.21,Lost,0,1,
T0231,2024-01-29,2024-05-07,R02,K05,5,3,181519.9,Lost,0,1,
T0232,2025-03-09,2025-04-24,R08,K11,5,3,446270.48,Lost,0,1,
T0233,2025-03-26,2025-05-15,R01,K10,5,3,459260.6,Lost,0,1,
T0234,2024-03-12,2024-05-14,R01,K06,5,3,533770.97,Lost,0,1,
T0235,2025-01-14,2025-03-18,R01,K04,4,3,140330.68,Won,1,1,C0213
T0236,2024-11-07,2025-01-09,R06,K03,5,3,1176855.81,Lost,0,1,
T0237,2025-07-05,2025-08-20,R01,K03,4,3,292376.39,Won,1,1,C0327
T0238,2025-01-21,2025-03-24,R08,K11,5,3,379540.64,Lost,0,1,
T0239,2025-03-31,2025-07-08,R01,K04,5,3,711610.61,Lost,0,1,
T0240,2024-05-23,2024-07-05,R07,K07,5,3,1020275.12,Lost,0,1,
T0241,2024-02-19,2024-05-15,R04,K03,4,3,264396.1,Won,1,1,C0044
T0242,2025-11-09,2025-12-31,R04,K03,4,3,1123956.93,Won,1,1,C0386
T0243,2024-03-03,2024-05-11,R05,K05,5,3,509286.86,Lost,0,1,
T0244,2024-05-25,2024-06-19,R02,K11,5,3,485345.93,Lost,0,1,
T0245,2024-02-20,2024-05-22,R08,K10,5,3,401076.09,Lost,0,1,
T0246,2025-04-24,2025-06-29,R06,K12,4,3,494465.15,Won,1,1,C0292
T0247,2025-10-22,2025-12-28,R03,K04,4,3,248114.78,Won,1,1,C0377
T0248,2024-09-18,2024-11-02,R03,K06,5,3,298173.42,Lost,0,1,
T0249,2025-11-30,,R04,K02,3,3,547495.99,In progress,0,0,
T0250,2025-01-20,2025-04-28,R02,K11,5,3,337136.42,Lost,0,1,
T0251,2024-09-08,2024-09-30,R07,K08,4,3,742907.52,Won,1,1,C0155
T0252,2024-02-11,2024-03-10,R05,K08,5,3,439230.62,Lost,0,1,
T0253,2024-12-19,2025-03-27,R01,K09,5,3,603834.39,Lost,0,1,
T0254,2025-10-01,,R01,K09,3,3,1037069.35,In progress,0,0,
T0255,2025-03-27,2025-06-25,R02,K02,4,3,987291.5,Won,1,1,C0279
T0256,2024-10-19,2025-01-03,R03,K11,5,3,599778.81,Lost,0,1,
T0257,2024-09-26,2024-11-04,R04,K04,5,3,431076.04,Lost,0,1,
T0258,2025-02-23,2025-06-01,R04,K04,5,3,931655.89,Lost,0,1,
T0259,2025-02-25,2025-03-28,R06,K09,5,1,888421.69,Lost,0,1,
T0260,2024-10-13,2025-01-12,R05,K12,5,3,437883.91,Lost,0,1,
T0261,2024-03-21,2024-06-20,R07,K09,4,3,1172177.74,Won,1,1,C0085
T0262,2025-11-03,,R01,K05,3,3,610029.13,In progress,0,0,
T0263,2025-03-26,2025-05-10,R03,K12,5,3,381721.6,Lost,0,1,
T0264,2025-03-14,2025-05-09,R06,K02,4,3,535141.6,Won,1,1,C0263
T0265,2025-08-22,2025-11-18,R01,K06,5,3,920716.27,Lost,0,1,
T0266,2025-02-18,2025-03-11,R03,K06,4,3,334568.69,Won,1,1,C0240
T0267,2024-02-16,2024-03-20,R05,K01,5,3,523780.6,Lost,0,1,
T0268,2024-02-04,2024-04-03,R04,K10,5,3,386323.19,Lost,0,1,
T0269,2025-06-08,2025-08-13,R08,K05,5,3,1564836.22,Lost,0,1,
T0270,2025-01-08,2025-02-14,R08,K03,5,2,540048.39,Lost,0,1,
T0271,2024-04-11,2024-05-02,R01,K06,4,3,528273.68,Won,1,1,C0104
T0272,2024-09-14,2024-10-29,R04,K01,4,3,60000.0,Won,1,1,C0160
T0273,2025-09-25,2025-12-07,R04,K06,5,3,149655.67,Lost,0,1,
T0274,2024-04-12,2024-05-28,R01,K03,4,3,230025.38,Won,1,1,C0106
T0275,2025-01-13,2025-04-16,R05,K06,4,3,310198.17,Won,1,1,C0210
T0276,2025-09-25,,R07,K01,3,3,377069.23,In progress,0,0,
T0277,2024-02-12,2024-05-21,R03,K11,5,2,496720.2,Lost,0,1,
T0278,2025-04-13,2025-06-14,R06,K11,5,3,851455.27,Lost,0,1,
T0279,2024-10-08,2025-01-02,R04,K10,5,3,245302.26,Lost,0,1,
T0280,2025-06-03,2025-07-28,R01,K10,5,3,304263.05,Lost,0,1,
T0281,2025-03-17,2025-06-17,R02,K06,4,3,378260.86,Won,1,1,C0267
T0282,2024-03-02,2024-05-02,R03,K07,4,3,726306.78,Won,1,1,C0063
T0283,2024-05-20,2024-06-28,R08,K07,5,3,372269.95,Lost,0,1,
T0284,2025-04-08,2025-06-12,R08,K12,5,3,821262.25,Lost,0,1,
T0285,2025-05-06,2025-06-02,R05,K02,5,3,1042588.67,Lost,0,1,
T0286,2025-02-05,2025-04-04,R02,K11,5,3,303008.3,Lost,0,1,
T0287,2025-06-11,2025-09-18,R04,K05,5,3,432272.24,Lost,0,1,
T0288,2024-07-12,2024-09-18,R01,K08,5,3,627165.22,Lost,0,1,
T0289,2025-10-13,,R01,K09,3,3,243986.75,In progress,0,0,
T0290,2025-11-13,,R02,K02,3,3,200062.31,In progress,0,0,
T0291,2025-07-14,2025-10-08,R08,K04,5,3,221426.05,Lost,0,1,
T0292,2025-11-19,2025-12-31,R04,K03,4,3,823799.08,Won,1,1,C0391
T0293,2025-06-05,2025-06-29,R05,K02,5,3,636191.88,Lost,0,1,
T0294,2025-03-28,2025-07-04,R02,K06,5,3,358815.18,Lost,0,1,
T0295,2025-02-12,2025-04-08,R03,K04,5,3,330758.28,Lost,0,1,
T0296,2024-09-11,2024-11-28,R03,K07,4,3,659742.79,Won,1,1,C0159
T0297,2025-06-14,2025-08-16,R05,K10,5,3,227157.93,Lost,0,1,
T0298,2024-02-21,2024-05-02,R04,K08,4,3,258414.3,Won,1,1,C0047
T0299,2025-03-25,2025-05-05,R02,K12,4,3,195743.28,Won,1,1,C0278
T0300,2025-12-25,2025-12-31,R03,K02,5,3,502818.17,Lost,0,1,
T0301,2025-02-05,2025-04-24,R04,K01,4,3,499136.84,Won,1,1,C0230
T0302,2024-10-21,2024-12-07,R01,K04,5,3,461983.77,Lost,0,1,
T0303,2025-11-08,,R05,K10,2,2,487867.28,In progress,0,0,
T0304,2024-06-16,2024-09-18,R04,K03,5,2,481643.72,Lost,0,1,
T0305,2025-05-16,2025-06-20,R03,K03,5,3,357355.44,Lost,0,1,
T0306,2024-02-04,2024-04-06,R04,K12,5,3,221153.42,Lost,0,1,
T0307,2024-10-20,2025-01-24,R05,K05,5,3,299515.91,Lost,0,1,
T0308,2024-10-27,2025-01-05,R03,K01,5,3,206728.27,Lost,0,1,
T0309,2025-08-27,2025-11-24,R06,K07,5,3,2107268.81,Lost,0,1,
T0310,2025-01-13,2025-02-05,R04,K11,5,3,878528.7,Lost,0,1,
T0311,2024-02-28,2024-04-15,R05,K03,4,3,368145.15,Won,1,1,C0057
T0312,2024-12-07,2025-01-01,R07,K12,5,3,892734.15,Lost,0,1,
T0313,2025-07-25,2025-09-13,R04,K06,5,3,271743.03,Lost,0,1,
T0314,2025-08-23,2025-09-24,R04,K10,5,3,552884.73,Lost,0,1,
T0315,2025-02-01,2025-03-26,R01,K11,5,3,205246.57,Lost,0,1,
T0316,2025-03-21,2025-05-09,R04,K07,5,3,860872.45,Lost,0,1,
T0317,2025-06-13,2025-08-25,R03,K03,4,3,392469.92,Won,1,1,C0320
T0318,2024-02-07,2024-05-11,R06,K09,4,3,871374.74,Won,1,1,C0034
T0319,2025-04-28,2025-06-20,R03,K08,5,3,304294.39,Lost,0,1,
T0320,2025-03-27,2025-05-02,R04,K09,4,3,290589.33,Won,1,1,C0280
T0321,2024-07-13,2024-10-05,R07,K04,5,3,484310.12,Lost,0,1,
T0322,2024-02-23,2024-04-30,R08,K07,5,3,226756.25,Lost,0,1,
T0323,2024-10-01,2024-12-28,R04,K03,5,3,450203.74,Lost,0,1,
T0324,2025-03-20,2025-05-24,R03,K01,5,1,258980.21,Lost,0,1,
T0325,2024-01-06,2024-04-07,R01,K12,5,3,1011982.61,Lost,0,1,
T0326,2024-11-26,2025-01-14,R03,K12,5,3,913986.18,Lost,0,1,
T0327,2025-12-09,,R04,K11,3,3,250227.39,In progress,0,0,
T0328,2024-12-07,2025-01-04,R07,K10,5,3,672126.3,Lost,0,1,
T0329,2025-05-05,2025-05-31,R04,K03,4,3,244435.07,Won,1,1,C0300
T0330,2024-07-28,2024-11-01,R01,K08,5,2,651534.11,Lost,0,1,
T0331,2025-03-27,2025-06-20,R01,K03,5,3,458431.97,Lost,0,1,
T0332,2024-01-14,2024-03-26,R05,K10,4,3,444175.04,Won,1,1,C0014
T0333,2025-03-06,2025-04-11,R01,K01,5,3,436955.84,Lost,0,1,
T0334,2024-12-05,2025-02-17,R01,K08,5,3,223486.55,Lost,0,1,
T0335,2024-02-01,2024-02-26,R07,K11,5,3,590508.75,Lost,0,1,
T0336,2025-10-07,,R03,K09,3,3,158417.08,In progress,0,0,
T0337,2025-04-12,2025-05-19,R04,K05,5,3,410640.35,Lost,0,1,
T0338,2024-04-05,2024-06-01,R04,K03,4,3,298311.68,Won,1,1,C0098
T0339,2025-02-01,2025-03-01,R03,K01,4,3,499357.37,Won,1,1,C0227
T0340,2025-12-19,2025-12-31,R07,K09,5,3,410317.71,Lost,0,1,
T0341,2024-02-24,2024-05-06,R02,K03,5,3,264406.03,Lost,0,1,
T0342,2025-04-04,2025-06-14,R07,K12,5,3,964710.83,Lost,0,1,
T0343,2024-12-27,2025-03-15,R01,K06,5,3,294909.99,Lost,0,1,
T0344,2025-09-24,,R08,K12,3,3,206309.3,In progress,0,0,
T0345,2025-01-17,2025-03-28,R08,K03,4,3,311813.35,Won,1,1,C0215
T0346,2025-12-21,2025-12-31,R05,K02,4,3,397004.07,Won,1,1,C0411
T0347,2025-04-14,2025-05-07,R06,K08,4,3,349907.42,Won,1,1,C0287
T0348,2025-06-30,2025-07-24,R06,K05,5,3,1721062.21,Lost,0,1,
T0349,2024-03-15,2024-04-05,R03,K06,4,3,331565.53,Won,1,1,C0077
T0350,2025-05-14,2025-07-29,R04,K04,4,3,395914.03,Won,1,1,C0304
T0351,2025-07-01,,R07,K04,2,2,511755.74,In progress,0,0,
T0352,2024-01-13,2024-02-09,R01,K08,5,2,175510.81,Lost,0,1,
T0353,2025-03-30,2025-05-03,R01,K11,4,3,694589.07,Won,1,1,C0282
T0354,2024-11-23,2025-01-17,R04,K05,4,3,192755.84,Won,1,1,C0184
T0355,2025-10-22,2025-12-04,R01,K11,5,3,328553.92,Lost,0,1,
T0356,2025-02-05,2025-03-01,R08,K10,4,3,907952.68,Won,1,1,C0231
T0357,2025-12-12,2025-12-31,R06,K12,5,3,1132150.3,Lost,0,1,
T0358,2024-04-02,2024-06-05,R07,K11,5,3,669532.73,Lost,0,1,
T0359,2025-08-11,2025-10-20,R06,K07,5,3,725695.73,Lost,0,1,
T0360,2024-10-11,2025-01-09,R01,K08,5,3,274966.64,Lost,0,1,
T0361,2025-09-29,2025-11-02,R01,K07,4,3,497399.1,Won,1,1,C0366
T0362,2025-11-22,2025-12-14,R05,K12,5,3,541924.01,Lost,0,1,
T0363,2025-10-02,,R01,K12,3,3,155529.65,In progress,0,0,
T0364,2025-07-25,2025-10-20,R04,K02,4,3,911199.16,Won,1,1,C0335
T0365,2024-10-01,2024-11-15,R07,K11,5,3,476704.64,Lost,0,1,
T0366,2025-03-22,2025-04-29,R04,K05,5,3,320903.42,Lost,0,1,
T0367,2025-06-28,2025-07-27,R04,K12,5,3,292889.39,Lost,0,1,
T0368,2024-12-10,2025-02-07,R06,K10,5,3,1829236.38,Lost,0,1,
T0369,2024-06-26,2024-07-23,R05,K04,5,3,575179.3,Lost,0,1,
T0370,2024-03-30,2024-04-29,R03,K06,5,3,279547.59,Lost,0,1,
T0371,2024-06-11,2024-08-14,R08,K06,5,3,739557.8,Lost,0,1,
T0372,2025-08-03,2025-10-17,R08,K01,4,3,326923.46,Won,1,1,C0340
T0373,2024-11-01,2025-02-04,R03,K12,5,3,2109322.26,Lost,0,1,
T0374,2025-09-22,2025-12-10,R01,K12,5,3,411596.0,Lost,0,1,
T0375,2025-04-08,2025-06-26,R03,K03,5,3,388197.25,Lost,0,1,
T0376,2024-06-12,2024-09-14,R04,K08,5,3,90700.94,Lost,0,1,
T0377,2024-06-06,2024-08-23,R05,K12,5,3,329823.18,Lost,0,1,
T0378,2024-01-16,2024-04-12,R01,K05,4,3,796028.0,Won,1,1,C0016
T0379,2025-09-20,,R03,K07,2,2,326507.8,In progress,0,0,
T0380,2025-04-27,2025-06-27,R08,K11,5,3,430071.29,Lost,0,1,
T0381,2024-11-30,2025-03-09,R01,K02,5,3,242001.16,Lost,0,1,
T0382,2025-03-18,2025-06-23,R03,K10,4,3,172933.53,Won,1,1,C0269
T0383,2024-06-04,2024-07-07,R03,K12,5,3,1243396.93,Lost,0,1,
T0384,2025-01-19,2025-02-14,R01,K12,5,3,937515.77,Lost,0,1,
T0385,2025-04-15,2025-06-07,R03,K12,5,2,391270.83,Lost,0,1,
T0386,2025-11-05,,R04,K10,3,3,313383.96,In progress,0,0,
T0387,2024-06-17,2024-07-27,R01,K04,5,3,487050.87,Lost,0,1,
T0388,2024-03-27,2024-06-23,R07,K02,5,3,281972.9,Lost,0,1,
T0389,2024-06-06,2024-09-06,R05,K02,4,3,712787.91,Won,1,1,C0131
T0390,2025-08-01,2025-11-05,R03,K09,4,3,624792.58,Won,1,1,C0339
T0391,2024-09-30,2024-12-09,R01,K10,5,3,235168.87,Lost,0,1,
T0392,2025-02-01,2025-04-30,R03,K08,5,3,2290451.72,Lost,0,1,
T0393,2024-03-30,2024-04-30,R04,K01,5,3,212000.21,Lost,0,1,
T0394,2024-10-09,2024-12-01,R04,K12,5,3,401798.99,Lost,0,1,
T0395,2024-02-07,2024-04-29,R03,K11,5,3,339753.9,Lost,0,1,
T0396,2024-01-01,2024-03-26,R07,K08,5,3,569816.93,Lost,0,1,
T0397,2024-02-26,2024-03-21,R02,K09,5,3,252846.39,Lost,0,1,
T0398,2025-08-29,2025-11-20,R08,K04,5,3,816595.84,Lost,0,1,
T0399,2024-07-28,2024-11-04,R04,K05,5,3,508292.08,Lost,0,1,
T0400,2025-01-31,2025-05-07,R04,K01,4,3,132974.96,Won,1,1,C0225
T0401,2025-03-06,2025-06-12,R02,K10,5,3,211741.77,Lost,0,1,
T0402,2025-02-03,2025-02-24,R02,K04,4,3,336461.23,Won,1,1,C0228
T0403,2024-02-02,2024-04-06,R03,K05,5,3,430691.77,Lost,0,1,
T0404,2024-02-02,2024-04-05,R03,K09,5,3,231439.62,Lost,0,1,
T0405,2025-06-30,,R02,K10,3,3,249627.34,In progress,0,0,
T0406,2024-05-13,2024-07-10,R08,K02,4,3,1869147.52,Won,1,1,C0123
T0407,2024-01-07,2024-02-13,R02,K11,5,3,60000.0,Lost,0,1,
T0408,2024-10-18,2024-12-01,R03,K11,5,3,313151.56,Lost,0,1,
T0409,2025-12-09,2025-12-31,R02,K02,5,3,852864.91,Lost,0,1,
T0410,2025-10-11,,R02,K12,3,3,385311.77,In progress,0,0,
T0411,2025-03-21,2025-05-06,R01,K11,5,3,240151.83,Lost,0,1,
T0412,2025-07-11,2025-09-13,R02,K02,5,3,256567.17,Lost,0,1,
T0413,2025-03-24,2025-06-27,R04,K05,4,3,358025.1,Won,1,1,C0276
T0414,2024-12-24,2025-02-11,R04,K01,5,1,581748.75,Lost,0,1,
T0415,2024-01-22,2024-04-04,R04,K04,5,1,160136.82,Lost,0,1,
T0416,2025-11-29,2025-12-31,R03,K01,4,3,394151.15,Won,1,1,C0397
T0417,2024-02-04,2024-05-06,R07,K12,5,3,679635.01,Lost,0,1,
T0418,2025-06-25,2025-08-22,R08,K03,4,3,858616.55,Won,1,1,C0323
T0419,2025-08-13,2025-09-21,R04,K11,5,3,254441.88,Lost,0,1,
T0420,2024-12-26,2025-02-24,R01,K01,5,1,382364.46,Lost,0,1,
T0421,2024-11-28,2025-02-03,R02,K11,5,3,111972.06,Lost,0,1,
T0422,2025-02-25,2025-04-13,R03,K02,4,3,615228.74,Won,1,1,C0253
T0423,2025-10-13,,R08,K08,3,3,681264.37,In progress,0,0,
T0424,2025-07-06,,R07,K04,3,3,1694023.12,In progress,0,0,
T0425,2024-01-07,2024-02-09,R01,K03,4,3,259477.93,Won,1,1,C0007
T0426,2024-11-11,2025-02-11,R05,K05,4,3,636021.78,Won,1,1,C0181
T0427,2025-11-05,2025-12-31,R08,K06,4,3,509954.39,Won,1,1,C0385
T0428,2025-04-14,2025-07-11,R08,K10,5,3,326543.91,Lost,0,1,
T0429,2024-05-31,2024-07-03,R06,K10,4,3,364369.87,Won,1,1,C0128
T0430,2025-10-11,2025-12-24,R04,K05,4,3,206260.08,Won,1,1,C0373
T0431,2025-01-14,2025-03-23,R08,K09,5,3,344492.82,Lost,0,1,
T0432,2025-08-11,2025-10-30,R08,K02,4,3,678031.58,Won,1,1,C0343
T0433,2025-01-22,2025-04-21,R02,K07,5,3,473258.95,Lost,0,1,
T0434,2024-08-24,2024-11-07,R07,K11,5,3,617101.18,Lost,0,1,
T0435,2025-02-08,2025-04-15,R07,K11,4,3,782164.96,Won,1,1,C0234
T0436,2025-01-30,2025-05-08,R04,K06,5,3,486762.11,Lost,0,1,
T0437,2025-11-15,2025-12-31,R04,K01,4,3,529686.79,Won,1,1,C0389
T0438,2025-10-13,,R08,K03,3,3,274600.84,In progress,0,0,
T0439,2025-02-24,2025-04-04,R02,K10,5,3,147173.44,Lost,0,1,
T0440,2024-01-28,2024-03-23,R02,K06,5,3,197465.02,Lost,0,1,
T0441,2024-06-18,2024-08-16,R03,K01,4,3,204696.74,Won,1,1,C0136
T0442,2025-01-21,2025-02-21,R06,K10,4,3,1887973.54,Won,1,1,C0219
T0443,2024-10-26,2025-01-06,R05,K10,5,3,152362.51,Lost,0,1,
T0444,2025-07-29,2025-09-30,R05,K05,4,3,154368.27,Won,1,1,C0337
T0445,2025-02-12,2025-03-05,R08,K12,5,3,809927.28,Lost,0,1,
T0446,2024-09-27,2024-12-31,R07,K01,4,3,1322450.66,Won,1,1,C0165
T0447,2025-06-19,2025-08-11,R05,K12,4,3,540862.9,Won,1,1,C0321
T0448,2025-12-27,2025-12-31,R04,K07,4,3,266888.32,Won,1,1,C0412
T0449,2025-12-03,2025-12-31,R03,K01,4,3,288198.47,Won,1,1,C0402
T0450,2024-10-05,2024-10-26,R04,K05,5,3,298283.26,Lost,0,1,
T0451,2024-09-05,2024-12-06,R08,K12,5,3,318330.92,Lost,0,1,
T0452,2024-01-06,2024-04-11,R03,K01,4,3,407217.38,Won,1,1,C0005
T0453,2024-12-22,2025-02-23,R01,K01,4,3,183817.0,Won,1,1,C0193
T0454,2025-02-16,2025-03-29,R05,K10,5,3,581164.32,Lost,0,1,
T0455,2024-10-30,2025-01-08,R01,K01,4,3,613743.49,Won,1,1,C0174
T0456,2024-09-30,2024-12-09,R02,K10,5,3,193342.79,Lost,0,1,
T0457,2025-10-29,,R02,K08,3,3,372244.43,In progress,0,0,
T0458,2024-05-04,2024-06-20,R08,K01,5,3,462112.45,Lost,0,1,
T0459,2025-11-30,2025-12-31,R03,K12,4,3,189314.61,Won,1,1,C0399
T0460,2024-02-02,2024-03-25,R03,K11,5,3,284093.4,Lost,0,1,
T0461,2025-09-06,2025-11-13,R07,K05,5,3,326450.74,Lost,0,1,
T0462,2025-02-20,2025-04-01,R03,K11,5,3,270618.82,Lost,0,1,
T0463,2025-10-22,2025-12-07,R08,K09,5,3,389835.98,Lost,0,1,
T0464,2024-02-28,2024-03-22,R05,K12,5,3,710107.56,Lost,0,1,
T0465,2024-01-22,2024-02-22,R08,K01,5,3,909240.86,Lost,0,1,
T0466,2024-12-02,2025-02-24,R04,K12,5,3,879163.3,Lost,0,1,
T0467,2025-08-24,2025-10-19,R07,K08,4,3,1093352.67,Won,1,1,C0348
T0468,2024-05-27,2024-08-11,R01,K06,5,3,372836.27,Lost,0,1,
T0469,2024-09-17,2024-10-21,R03,K09,5,3,370312.42,Lost,0,1,
T0470,2025-04-16,2025-05-07,R04,K05,4,3,356694.44,Won,1,1,C0290
T0471,2024-01-03,2024-03-17,R02,K10,5,3,794753.3,Lost,0,1,
T0472,2025-08-29,2025-10-07,R07,K12,5,3,342580.28,Lost,0,1,
T0473,2025-02-09,2025-04-05,R03,K11,5,3,432247.49,Lost,0,1,
T0474,2025-11-03,2025-12-31,R06,K12,5,3,744513.59,Lost,0,1,
T0475,2024-01-07,2024-02-10,R02,K10,5,3,436474.75,Lost,0,1,
T0476,2025-09-16,,R04,K10,3,3,330666.57,In progress,0,0,
T0477,2024-10-30,2024-11-25,R08,K01,5,3,723174.32,Lost,0,1,
T0478,2024-01-30,2024-03-06,R06,K06,5,3,1021695.06,Lost,0,1,
T0479,2025-11-16,,R03,K03,3,3,481254.75,In progress,0,0,
T0480,2025-02-03,2025-03-09,R04,K05,4,3,401773.19,Won,1,1,C0229
T0481,2025-01-05,2025-03-15,R02,K09,5,3,174042.47,Lost,0,1,
T0482,2024-10-27,2024-11-18,R01,K04,4,3,783003.06,Won,1,1,C0173
T0483,2024-07-17,2024-09-30,R01,K10,5,2,396981.97,Lost,0,1,
T0484,2025-03-31,2025-06-18,R06,K05,5,3,896037.76,Lost,0,1,
T0485,2024-08-22,2024-11-11,R01,K01,4,3,451561.48,Won,1,1,C0151
T0486,2025-03-22,2025-05-30,R08,K09,4,3,238031.48,Won,1,1,C0271
T0487,2024-01-19,2024-03-22,R06,K09,5,3,709149.47,Lost,0,1,
T0488,2024-01-05,2024-02-27,R04,K08,5,3,592923.28,Lost,0,1,
T0489,2025-02-23,2025-05-09,R05,K03,4,3,816581.77,Won,1,1,C0247
T0490,2024-03-31,2024-06-28,R06,K07,5,3,228823.33,Lost,0,1,
T0491,2024-01-20,2024-03-21,R01,K07,5,3,581013.83,Lost,0,1,
T0492,2024-11-25,2025-01-02,R03,K10,5,3,454166.7,Lost,0,1,
T0493,2024-07-15,2024-10-06,R08,K01,4,3,466521.35,Won,1,1,C0138
T0494,2025-09-27,2025-10-18,R04,K04,5,2,451036.67,Lost,0,1,
T0495,2024-11-27,2025-02-21,R04,K01,4,3,414889.82,Won,1,1,C0185
T0496,2024-09-29,2024-10-27,R03,K03,5,3,193905.55,Lost,0,1,
T0497,2024-01-11,2024-03-17,R07,K08,5,3,1055273.03,Lost,0,1,
T0498,2025-06-13,2025-07-06,R02,K11,5,2,188637.28,Lost,0,1,
T0499,2024-03-17,2024-05-08,R04,K04,5,3,269266.15,Lost,0,1,
T0500,2024-10-10,2025-01-15,R03,K02,5,3,317645.28,Lost,0,1,
T0501,2024-02-23,2024-04-22,R03,K01,5,3,263734.97,Lost,0,1,
T0502,2025-05-21,2025-08-12,R01,K04,5,1,409904.54,Lost,0,1,
T0503,2025-03-12,2025-05-13,R08,K03,4,3,580018.8,Won,1,1,C0260
T0504,2024-03-16,2024-05-09,R02,K03,4,3,331934.86,Won,1,1,C0081
T0505,2025-04-29,2025-05-22,R01,K03,5,3,268987.21,Lost,0,1,
T0506,2025-05-26,2025-07-08,R02,K11,5,3,502622.28,Lost,0,1,
T0507,2024-12-04,2025-01-26,R06,K10,5,3,1020277.83,Lost,0,1,
T0508,2024-03-18,2024-04-29,R03,K11,5,3,539070.42,Lost,0,1,
T0509,2025-02-10,2025-04-28,R02,K04,5,3,492490.01,Lost,0,1,
T0510,2025-03-17,2025-05-24,R05,K08,5,3,344340.81,Lost,0,1,
T0511,2024-11-15,2024-12-19,R01,K12,5,3,531285.57,Lost,0,1,
T0512,2024-04-17,2024-05-13,R06,K03,4,3,1873896.98,Won,1,1,C0108
T0513,2024-03-09,2024-03-31,R06,K04,5,3,435280.29,Lost,0,1,
T0514,2025-10-31,2025-12-31,R03,K09,5,3,392547.74,Lost,0,1,
T0515,2025-01-11,2025-03-19,R05,K09,5,3,1091109.75,Lost,0,1,
T0516,2024-06-19,2024-07-22,R02,K07,5,3,479681.89,Lost,0,1,
T0517,2025-09-06,2025-12-02,R04,K09,5,3,301227.09,Lost,0,1,
T0518,2025-04-28,2025-07-05,R02,K10,5,3,157646.45,Lost,0,1,
T0519,2025-10-17,2025-11-28,R04,K09,5,3,318711.56,Lost,0,1,
T0520,2025-09-16,,R04,K10,3,3,464132.3,In progress,0,0,
T0521,2025-02-13,2025-04-19,R02,K02,5,3,307415.67,Lost,0,1,
T0522,2024-07-15,2024-08-19,R01,K11,5,3,305572.65,Lost,0,1,
T0523,2024-03-20,2024-06-03,R04,K03,5,3,231575.43,Lost,0,1,
T0524,2024-09-24,2024-12-09,R01,K11,5,3,868773.5,Lost,0,1,
T0525,2025-09-10,2025-10-08,R06,K02,5,3,1435022.75,Lost,0,1,
T0526,2025-02-23,2025-03-29,R05,K04,4,3,313282.18,Won,1,1,C0248
T0527,2024-03-21,2024-04-15,R08,K01,4,3,445419.16,Won,1,1,C0086
T0528,2025-02-05,2025-03-15,R02,K10,4,3,307539.46,Won,1,1,C0232
T0529,2024-09-15,2024-10-28,R01,K08,5,3,419166.09,Lost,0,1,
T0530,2025-09-16,2025-12-12,R07,K01,5,3,408599.61,Lost,0,1,
T0531,2025-03-01,2025-04-02,R02,K07,5,2,621306.81,Lost,0,1,
T0532,2025-06-21,2025-08-17,R01,K09,5,3,1305626.23,Lost,0,1,
T0533,2024-07-25,2024-09-15,R04,K08,5,3,436824.58,Lost,0,1,
T0534,2024-06-17,2024-09-11,R08,K07,5,3,231068.59,Lost,0,1,
T0535,2024-02-24,2024-04-21,R03,K07,5,3,107193.92,Lost,0,1,
T0536,2025-02-11,2025-05-18,R05,K09,5,3,1123382.19,Lost,0,1,
T0537,2025-09-04,2025-10-15,R08,K12,5,3,299562.77,Lost,0,1,
T0538,2025-02-04,2025-04-22,R01,K08,5,3,519792.23,Lost,0,1,
T0539,2025-02-23,2025-03-18,R02,K06,5,2,205785.91,Lost,0,1,
T0540,2024-07-17,2024-08-09,R03,K12,5,3,415523.55,Lost,0,1,
T0541,2024-10-24,2024-12-02,R02,K11,5,3,286691.04,Lost,0,1,
T0542,2024-03-01,2024-04-18,R03,K07,4,3,215899.25,Won,1,1,C0062
T0543,2024-01-06,2024-02-01,R07,K01,5,3,523648.64,Lost,0,1,
T0544,2024-05-27,2024-08-21,R01,K03,4,3,622701.19,Won,1,1,C0127
T0545,2025-04-13,2025-07-17,R01,K02,5,3,270146.46,Lost,0,1,
T0546,2025-01-10,2025-03-19,R01,K02,5,3,262221.31,Lost,0,1,
T0547,2025-08-27,2025-10-21,R01,K08,5,3,399544.53,Lost,0,1,
T0548,2025-02-08,2025-04-09,R01,K06,4,3,357122.86,Won,1,1,C0235
T0549,2025-07-24,2025-08-20,R04,K04,4,3,418718.78,Won,1,1,C0334
T0550,2025-06-14,2025-08-09,R05,K04,5,1,615884.51,Lost,0,1,
T0551,2025-03-26,2025-06-22,R01,K11,5,3,276945.09,Lost,0,1,
T0552,2025-09-23,2025-11-07,R08,K10,5,3,582259.12,Lost,0,1,
T0553,2025-05-30,2025-08-29,R06,K02,5,3,1189129.77,Lost,0,1,
T0554,2025-01-30,2025-04-05,R07,K04,5,3,1998493.93,Lost,0,1,
T0555,2024-03-01,2024-03-23,R08,K06,5,3,1272472.24,Lost,0,1,
T0556,2025-04-28,2025-06-17,R03,K04,5,3,558641.71,Lost,0,1,
T0557,2024-01-20,2024-03-31,R02,K04,5,3,370665.5,Lost,0,1,
T0558,2024-03-04,2024-06-06,R04,K05,5,1,667490.25,Lost,0,1,
T0559,2024-10-03,2025-01-05,R02,K08,5,3,263725.79,Lost,0,1,
T0560,2024-11-23,2024-12-25,R06,K11,5,3,916218.36,Lost,0,1,
T0561,2024-03-20,2024-05-08,R07,K01,5,3,1305194.84,Lost,0,1,
T0562,2025-04-14,2025-05-13,R03,K11,5,3,314314.11,Lost,0,1,
T0563,2025-01-29,2025-03-03,R05,K08,5,3,972148.73,Lost,0,1,
T0564,2024-07-17,2024-09-05,R04,K11,4,3,568044.49,Won,1,1,C0141
T0565,2025-02-27,2025-03-22,R05,K02,5,3,272153.28,Lost,0,1,
T0566,2024-03-14,2024-06-13,R03,K05,4,3,203683.28,Won,1,1,C0076
T0567,2024-12-30,2025-01-22,R07,K09,5,3,1275790.74,Lost,0,1,
T0568,2024-09-27,2024-12-31,R08,K02,4,3,504140.84,Won,1,1,C0166
T0569,2024-04-03,2024-06-25,R04,K12,5,3,733563.65,Lost,0,1,
T0570,2024-12-11,2025-03-11,R02,K01,5,3,225822.08,Lost,0,1,
T0571,2024-02-13,2024-05-16,R04,K06,4,3,375309.99,Won,1,1,C0039
T0572,2024-11-05,2024-12-06,R06,K04,5,3,1010337.66,Lost,0,1,
T0573,2024-04-04,2024-05-18,R08,K03,4,3,294130.79,Won,1,1,C0097
T0574,2025-12-08,,R05,K02,3,3,317965.42,In progress,0,0,
T0575,2024-09-09,2024-11-08,R05,K06,5,3,635025.72,Lost,0,1,
T0576,2024-02-25,2024-05-09,R04,K05,5,3,473929.17,Lost,0,1,
T0577,2025-06-14,2025-08-12,R04,K09,5,3,68486.64,Lost,0,1,
T0578,2024-04-19,2024-07-20,R04,K06,4,3,333482.38,Won,1,1,C0112
T0579,2025-11-23,,R06,K10,3,3,834541.76,In progress,0,0,
T0580,2025-08-08,2025-09-29,R02,K12,5,3,649616.56,Lost,0,1,
T0581,2025-01-06,2025-03-20,R01,K07,4,3,234552.69,Won,1,1,C0207
T0582,2025-08-21,,R04,K02,3,3,537427.99,In progress,0,0,
T0583,2024-01-05,2024-01-26,R03,K08,5,2,496962.13,Lost,0,1,
T0584,2024-09-17,2024-12-03,R04,K01,4,3,144891.19,Won,1,1,C0162
T0585,2025-02-05,2025-04-27,R08,K01,4,3,194461.83,Won,1,1,C0233
T0586,2025-01-28,2025-03-10,R07,K06,4,3,1185646.18,Won,1,1,C0222
T0587,2025-01-02,2025-01-25,R01,K03,4,3,1196316.0,Won,1,1,C0201
T0588,2025-03-18,2025-04-10,R04,K09,5,3,602340.51,Lost,0,1,
T0589,2025-05-01,2025-06-18,R08,K12,5,3,866847.71,Lost,0,1,
T0590,2025-10-27,2025-12-31,R08,K12,4,3,787391.26,Won,1,1,C0379
T0591,2025-06-12,2025-08-20,R04,K05,5,3,425722.75,Lost,0,1,
T0592,2025-08-27,2025-11-25,R01,K10,4,3,327262.61,Won,1,1,C0349
T0593,2024-03-13,2024-04-29,R01,K10,5,3,322551.53,Lost,0,1,
T0594,2025-05-12,2025-06-02,R02,K04,5,1,353097.61,Lost,0,1,
T0595,2025-01-14,2025-02-26,R04,K02,4,3,324135.72,Won,1,1,C0214
T0596,2025-04-06,2025-05-04,R08,K01,5,3,879184.59,Lost,0,1,
T0597,2024-02-29,2024-05-11,R04,K08,4,3,947580.77,Won,1,1,C0059
T0598,2024-12-11,2025-01-10,R07,K12,5,3,928367.83,Lost,0,1,
T0599,2025-05-11,2025-07-25,R05,K05,4,3,410035.92,Won,1,1,C0302
T0600,2024-01-28,2024-02-26,R05,K08,5,3,329791.02,Lost,0,1,
T0601,2024-09-10,2024-10-13,R05,K07,4,3,365526.52,Won,1,1,C0158
T0602,2024-01-30,2024-04-04,R02,K03,5,3,296175.26,Lost,0,1,
T0603,2025-04-10,2025-06-16,R05,K04,5,3,619212.07,Lost,0,1,
T0604,2025-04-21,2025-07-16,R01,K06,5,3,329481.64,Lost,0,1,
T0605,2024-10-01,2024-11-22,R03,K02,4,3,344586.23,Won,1,1,C0169
T0606,2024-02-23,2024-05-24,R02,K02,5,3,508526.67,Lost,0,1,
T0607,2024-07-15,2024-10-16,R05,K01,4,3,679773.51,Won,1,1,C0139
T0608,2024-02-07,2024-03-21,R02,K09,5,3,383489.56,Lost,0,1,
T0609,2025-03-24,2025-05-21,R01,K04,4,3,603895.08,Won,1,1,C0277
T0610,2025-01-17,2025-02-28,R05,K09,5,3,253969.54,Lost,0,1,
T0611,2025-09-09,2025-11-29,R05,K04,5,3,528106.04,Lost,0,1,
T0612,2025-12-10,2025-12-31,R02,K06,5,3,821702.79,Lost,0,1,
T0613,2025-03-18,2025-06-22,R04,K10,5,3,357394.64,Lost,0,1,
T0614,2025-12-07,2025-12-31,R08,K05,4,3,401208.43,Won,1,1,C0404
T0615,2025-12-30,2025-12-31,R06,K06,5,3,1324655.24,Lost,0,1,
T0616,2024-09-17,2024-12-11,R05,K04,4,3,561271.92,Won,1,1,C0163
T0617,2024-01-06,2024-03-12,R01,K04,5,3,133544.34,Lost,0,1,
T0618,2025-10-09,2025-11-11,R08,K06,4,3,275407.6,Won,1,1,C0371
T0619,2025-07-05,,R01,K04,3,3,200612.76,In progress,0,0,
T0620,2024-01-09,2024-04-03,R01,K10,5,3,313254.82,Lost,0,1,
T0621,2024-03-04,2024-03-26,R02,K01,4,3,355337.75,Won,1,1,C0064
T0622,2024-02-24,2024-05-06,R02,K10,5,3,300881.73,Lost,0,1,
T0623,2024-05-06,2024-05-27,R02,K12,5,3,383145.88,Lost,0,1,
T0624,2024-01-01,2024-02-20,R02,K04,5,3,605497.27,Lost,0,1,
T0625,2025-08-13,2025-09-05,R04,K08,4,3,503129.02,Won,1,1,C0345
T0626,2024-02-28,2024-05-14,R04,K09,5,3,274030.53,Lost,0,1,
T0627,2024-01-01,2024-02-07,R01,K09,5,3,502478.73,Lost,0,1,
T0628,2024-12-13,2025-02-03,R04,K02,5,3,246735.98,Lost,0,1,
T0629,2024-08-10,2024-10-21,R02,K05,5,2,156338.08,Lost,0,1,
T0630,2024-04-09,2024-06-21,R06,K09,5,3,986661.98,Lost,0,1,
T0631,2025-05-28,2025-06-24,R07,K03,5,3,1074619.72,Lost,0,1,
T0632,2024-05-04,2024-08-04,R07,K04,5,3,891799.66,Lost,0,1,
T0633,2025-10-10,,R03,K06,3,3,688151.2,In progress,0,0,
T0634,2024-03-28,2024-05-18,R02,K06,5,3,264568.96,Lost,0,1,
T0635,2024-03-05,2024-05-03,R01,K02,5,1,229008.86,Lost,0,1,
T0636,2025-01-20,2025-04-15,R07,K12,5,3,1411505.34,Lost,0,1,
T0637,2025-09-11,,R05,K02,3,3,287230.64,In progress,0,0,
T0638,2024-02-25,2024-06-02,R02,K01,5,3,152721.76,Lost,0,1,
T0639,2025-04-06,2025-05-11,R01,K11,5,3,431875.41,Lost,0,1,
T0640,2024-10-24,2025-01-03,R03,K02,5,3,380923.72,Lost,0,1,
T0641,2024-04-25,2024-07-27,R04,K11,5,3,1128366.23,Lost,0,1,
T0642,2025-03-13,2025-05-13,R03,K04,5,3,433732.58,Lost,0,1,
T0643,2025-09-14,2025-10-27,R01,K06,4,3,307385.83,Won,1,1,C0356
T0644,2025-01-21,2025-04-27,R04,K01,5,3,718101.52,Lost,0,1,
T0645,2025-07-31,2025-10-27,R01,K06,5,3,241485.47,Lost,0,1,
T0646,2025-12-31,,R01,K12,3,3,506914.22,In progress,0,0,
T0647,2024-07-23,2024-09-02,R02,K08,4,3,128126.33,Won,1,1,C0142
T0648,2025-09-17,2025-11-13,R04,K05,4,3,233983.4,Won,1,1,C0357
T0649,2025-11-03,,R02,K05,3,3,177872.92,In progress,0,0,
T0650,2024-04-22,2024-07-15,R02,K10,5,3,552227.92,Lost,0,1,
T0651,2025-12-23,,R03,K02,3,3,295981.53,In progress,0,0,
T0652,2025-04-19,2025-06-16,R08,K01,5,3,428696.82,Lost,0,1,
T0653,2024-03-17,2024-05-02,R08,K12,4,3,474462.5,Won,1,1,C0082
T0654,2024-02-08,2024-04-12,R03,K09,5,3,195172.91,Lost,0,1,
T0655,2024-08-05,2024-09-02,R06,K06,5,3,1571059.93,Lost,0,1,
T0656,2024-02-07,2024-03-05,R05,K02,4,3,725688.09,Won,1,1,C0035
T0657,2025-02-21,2025-04-06,R01,K02,5,3,1021551.77,Lost,0,1,
T0658,2024-10-20,2025-01-02,R01,K12,5,3,463267.83,Lost,0,1,
T0659,2024-04-26,2024-07-22,R05,K03,4,3,310132.67,Won,1,1,C0117
T0660,2024-03-19,2024-04-13,R04,K12,5,3,281879.3,Lost,0,1,
T0661,2024-01-15,2024-02-26,R03,K07,5,3,315286.57,Lost,0,1,
T0662,2025-08-03,2025-11-09,R04,K11,5,3,431959.76,Lost,0,1,
T0663,2024-11-27,2025-01-30,R03,K10,4,3,501364.9,Won,1,1,C0186
T0664,2024-02-23,2024-03-26,R05,K02,4,3,364471.16,Won,1,1,C0052
T0665,2025-12-03,2025-12-31,R07,K04,5,3,290084.72,Lost,0,1,
T0666,2024-10-13,2024-12-14,R01,K12,4,3,265709.14,Won,1,1,C0170
T0667,2025-12-20,2025-12-31,R07,K04,4,3,3376599.01,Won,1,1,C0410
T0668,2024-07-03,2024-10-07,R06,K06,5,2,2391502.57,Lost,0,1,
T0669,2024-03-26,2024-04-27,R02,K12,4,3,179201.37,Won,1,1,C0091
T0670,2025-07-27,2025-09-20,R02,K10,5,3,232643.73,Lost,0,1,
T0671,2024-11-14,2025-01-21,R08,K03,4,3,515665.15,Won,1,1,C0182
T0672,2024-01-29,2024-03-09,R01,K10,5,3,258031.56,Lost,0,1,
T0673,2025-10-27,2025-11-21,R01,K08,5,3,481986.64,Lost,0,1,
T0674,2024-10-28,2025-01-27,R02,K01,5,3,647910.54,Lost,0,1,
T0675,2024-08-14,2024-09-30,R03,K08,4,3,454118.19,Won,1,1,C0148
T0676,2024-08-12,2024-10-23,R04,K08,5,2,246514.65,Lost,0,1,
T0677,2024-03-15,2024-06-05,R06,K03,4,3,225749.34,Won,1,1,C0078
T0678,2024-07-28,2024-09-10,R03,K06,5,3,228924.59,Lost,0,1,
T0679,2024-03-27,2024-05-10,R01,K02,4,3,819650.03,Won,1,1,C0092
T0680,2025-02-24,2025-04-16,R01,K01,5,3,322412.94,Lost,0,1,
T0681,2025-01-01,2025-04-03,R08,K03,4,3,615170.08,Won,1,1,C0200
T0682,2024-12-13,2025-01-30,R02,K11,5,3,97416.54,Lost,0,1,
T0683,2024-07-27,2024-09-19,R07,K10,5,3,2748428.05,Lost,0,1,
T0684,2024-02-22,2024-03-15,R06,K07,5,3,1850148.32,Lost,0,1,
T0685,2025-06-08,2025-08-06,R04,K10,4,3,316568.95,Won,1,1,C0315
T0686,2024-04-30,2024-07-23,R05,K05,5,3,818247.59,Lost,0,1,
T0687,2024-03-12,2024-05-24,R01,K07,4,3,160035.79,Won,1,1,C0074
T0688,2024-03-07,2024-04-11,R07,K02,5,3,413823.51,Lost,0,1,
T0689,2025-04-15,2025-05-15,R02,K06,4,3,259067.24,Won,1,1,C0289
T0690,2025-12-03,2025-12-31,R01,K08,4,3,303708.32,Won,1,1,C0403
T0691,2025-03-22,2025-06-16,R01,K01,4,3,217333.1,Won,1,1,C0272
T0692,2024-07-05,2024-08-31,R02,K07,5,2,444249.31,Lost,0,1,
T0693,2024-12-31,2025-03-21,R02,K09,5,3,368818.8,Lost,0,1,
T0694,2025-04-19,2025-07-11,R02,K11,5,3,332968.86,Lost,0,1,
T0695,2025-11-09,2025-12-13,R01,K03,4,3,352404.91,Won,1,1,C0387
T0696,2025-09-30,2025-12-31,R05,K08,5,3,387735.16,Lost,0,1,
T0697,2024-10-26,2025-01-27,R05,K05,5,3,668028.43,Lost,0,1,
T0698,2025-01-27,2025-05-04,R07,K02,4,3,1047634.35,Won,1,1,C0221
T0699,2024-04-23,2024-07-01,R03,K06,5,2,819582.57,Lost,0,1,
T0700,2025-08-17,2025-09-18,R01,K10,5,2,314735.64,Lost,0,1,
T0701,2024-03-21,2024-04-27,R05,K09,5,3,641577.03,Lost,0,1,
T0702,2025-02-24,2025-04-23,R07,K02,4,3,783800.79,Won,1,1,C0251
T0703,2024-06-29,2024-08-23,R01,K07,5,3,460710.8,Lost,0,1,
T0704,2024-04-24,2024-07-26,R01,K08,4,3,195809.04,Won,1,1,C0115
T0705,2025-11-10,2025-12-31,R04,K01,5,3,350748.1,Lost,0,1,
T0706,2024-09-29,2024-11-24,R05,K09,5,3,270147.14,Lost,0,1,
T0707,2024-07-26,2024-09-26,R07,K08,5,3,1463711.51,Lost,0,1,
T0708,2024-04-18,2024-05-22,R01,K02,4,3,674822.26,Won,1,1,C0109
T0709,2025-07-06,2025-08-10,R05,K11,5,3,367204.63,Lost,0,1,
T0710,2025-09-07,2025-11-02,R02,K02,4,3,481855.29,Won,1,1,C0353
T0711,2024-03-25,2024-04-27,R03,K05,4,3,527047.75,Won,1,1,C0090
T0712,2024-04-18,2024-05-18,R01,K11,5,3,636706.18,Lost,0,1,
T0713,2024-03-11,2024-04-15,R02,K02,4,3,620598.81,Won,1,1,C0073
T0714,2025-11-28,2025-12-31,R03,K07,4,3,825866.33,Won,1,1,C0396
T0715,2025-03-10,2025-06-08,R01,K05,5,3,626985.1,Lost,0,1,
T0716,2025-11-05,,R08,K07,3,3,497478.72,In progress,0,0,
T0717,2025-05-11,2025-06-13,R04,K04,5,3,184210.22,Lost,0,1,
T0718,2024-05-19,2024-08-11,R01,K02,5,3,350241.22,Lost,0,1,
T0719,2025-07-23,2025-10-13,R04,K01,5,3,962014.67,Lost,0,1,
T0720,2025-12-23,2025-12-31,R08,K03,5,3,398341.55,Lost,0,1,
T0721,2025-11-03,,R05,K03,3,3,526419.54,In progress,0,0,
T0722,2025-07-19,2025-09-16,R07,K05,5,3,367860.31,Lost,0,1,
T0723,2024-09-28,2024-11-02,R05,K07,4,3,277281.27,Won,1,1,C0168
T0724,2025-08-08,2025-09-07,R08,K10,5,3,301585.59,Lost,0,1,
T0725,2025-01-27,2025-04-27,R01,K04,5,3,321186.72,Lost,0,1,
T0726,2024-08-26,2024-11-30,R07,K03,5,3,1393697.21,Lost,0,1,
T0727,2025-09-11,,R03,K03,2,2,648402.79,In progress,0,0,
T0728,2025-04-11,2025-06-03,R03,K12,5,3,868049.72,Lost,0,1,
T0729,2024-03-26,2024-05-01,R04,K02,5,3,1021670.94,Lost,0,1,
T0730,2024-01-13,2024-03-09,R04,K10,5,3,679843.67,Lost,0,1,
T0731,2024-05-29,2024-07-15,R08,K03,5,3,168007.55,Lost,0,1,
T0732,2025-05-17,2025-06-13,R04,K06,5,3,283106.1,Lost,0,1,
T0733,2025-05-26,2025-08-05,R08,K10,5,3,900314.87,Lost,0,1,
T0734,2025-04-17,2025-07-24,R06,K01,5,1,662070.43,Lost,0,1,
T0735,2025-01-04,2025-02-19,R03,K06,4,3,359318.39,Won,1,1,C0205
T0736,2025-04-26,2025-07-17,R08,K11,4,3,385635.63,Won,1,1,C0295
T0737,2024-03-21,2024-05-23,R07,K05,5,3,696696.88,Lost,0,1,
T0738,2025-08-15,2025-09-28,R05,K03,4,3,405887.5,Won,1,1,C0347
T0739,2025-10-27,2025-12-29,R03,K10,4,3,590033.71,Won,1,1,C0380
T0740,2024-03-27,2024-05-21,R04,K04,5,2,452452.67,Lost,0,1,
T0741,2024-10-26,2025-01-09,R02,K04,5,3,1002423.91,Lost,0,1,
T0742,2024-07-14,2024-09-03,R04,K05,5,2,305426.94,Lost,0,1,
T0743,2025-09-15,,R01,K03,3,3,438230.16,In progress,0,0,
T0744,2025-06-06,2025-08-31,R02,K07,4,3,674054.7,Won,1,1,C0314
T0745,2025-01-17,2025-04-14,R05,K11,5,3,467334.15,Lost,0,1,
T0746,2024-02-20,2024-05-07,R03,K08,5,3,964225.8,Lost,0,1,
T0747,2025-09-18,2025-10-18,R06,K06,4,3,1028709.09,Won,1,1,C0358
T0748,2024-07-25,2024-09-01,R02,K03,4,3,462670.37,Won,1,1,C0143
T0749,2025-03-11,2025-05-13,R03,K07,5,3,333961.55,Lost,0,1,
T0750,2024-05-15,2024-07-03,R05,K01,4,3,884689.47,Won,1,1,C0125
T0751,2025-05-20,2025-08-21,R08,K05,5,3,448945.68,Lost,0,1,
T0752,2025-04-18,2025-06-15,R08,K02,5,2,758604.7,Lost,0,1,
T0753,2024-03-07,2024-06-12,R04,K12,4,3,305884.71,Won,1,1,C0067
T0754,2025-02-27,2025-05-22,R02,K02,5,3,728798.2,Lost,0,1,
T0755,2024-03-20,2024-06-01,R03,K12,5,3,217430.95,Lost,0,1,
T0756,2025-10-28,2025-12-03,R07,K12,5,3,528668.92,Lost,0,1,
T0757,2024-05-28,2024-08-31,R03,K09,5,3,508782.15,Lost,0,1,
T0758,2025-01-01,2025-02-15,R04,K12,5,3,234659.11,Lost,0,1,
T0759,2024-02-06,2024-04-29,R03,K10,4,3,152096.26,Won,1,1,C0032
T0760,2024-03-15,2024-05-31,R03,K12,5,3,317057.04,Lost,0,1,
T0761,2025-10-05,,R08,K04,3,3,792133.8,In progress,0,0,
T0762,2024-11-28,2025-02-28,R03,K09,5,3,246480.52,Lost,0,1,
T0763,2024-01-28,2024-02-21,R03,K12,5,3,581456.78,Lost,0,1,
T0764,2025-12-23,,R08,K11,3,3,1057558.06,In progress,0,0,
T0765,2025-05-05,2025-08-01,R04,K07,5,3,262592.94,Lost,0,1,
T0766,2024-03-07,2024-04-09,R05,K08,5,3,346834.21,Lost,0,1,
T0767,2025-11-05,,R03,K01,3,3,311245.79,In progress,0,0,
T0768,2024-09-02,2024-11-26,R05,K04,5,3,1341198.47,Lost,0,1,
T0769,2024-04-21,2024-06-24,R08,K01,4,3,316464.83,Won,1,1,C0114
T0770,2024-09-03,2024-10-29,R05,K12,5,3,643542.59,Lost,0,1,
T0771,2024-03-03,2024-04-18,R04,K09,5,3,302582.96,Lost,0,1,
T0772,2025-08-28,,R02,K08,2,2,203955.44,In progress,0,0,
T0773,2024-07-11,2024-08-26,R03,K04,5,3,286229.55,Lost,0,1,
T0774,2025-06-21,2025-07-14,R07,K10,5,3,1494824.45,Lost,0,1,
T0775,2024-02-03,2024-05-03,R04,K03,5,3,775895.65,Lost,0,1,
T0776,2024-03-02,2024-05-26,R07,K12,5,3,844010.32,Lost,0,1,
T0777,2025-12-04,,R03,K09,3,3,251605.81,In progress,0,0,
T0778,2024-10-20,2024-11-22,R04,K07,5,3,514186.06,Lost,0,1,
T0779,2024-08-06,2024-09-04,R03,K03,5,3,281808.25,Lost,0,1,
T0780,2025-12-06,2025-12-31,R04,K08,5,3,493537.75,Lost,0,1,
T0781,2025-11-16,,R08,K08,3,3,440888.64,In progress,0,0,
T0782,2024-02-15,2024-03-20,R04,K05,5,3,1051971.48,Lost,0,1,
T0783,2025-03-01,2025-05-13,R08,K12,5,3,704083.53,Lost,0,1,
T0784,2024-11-18,2025-01-31,R03,K09,5,1,320811.14,Lost,0,1,
T0785,2025-06-20,2025-09-24,R08,K06,5,3,591629.08,Lost,0,1,
T0786,2025-01-31,2025-04-27,R01,K03,5,3,204335.16,Lost,0,1,
T0787,2025-06-23,2025-09-15,R02,K02,5,3,188386.27,Lost,0,1,
T0788,2025-10-23,2025-11-28,R02,K02,4,3,686900.06,Won,1,1,C0378
T0789,2024-01-29,2024-03-14,R03,K04,4,3,280835.62,Won,1,1,C0026
T0790,2025-09-30,2025-12-29,R02,K12,5,2,451324.61,Lost,0,1,
T0791,2024-07-25,2024-10-12,R08,K06,4,3,854759.14,Won,1,1,C0144
T0792,2025-11-05,,R07,K05,3,3,484798.3,In progress,0,0,
T0793,2024-03-14,2024-04-04,R01,K12,5,3,481167.31,Lost,0,1,
T0794,2025-02-15,2025-03-30,R05,K02,4,3,352327.19,Won,1,1,C0238
T0795,2024-08-02,2024-10-02,R02,K10,5,3,343700.97,Lost,0,1,
T0796,2025-04-01,2025-06-05,R06,K06,5,2,618276.73,Lost,0,1,
T0797,2024-04-19,2024-07-02,R02,K11,5,3,135017.56,Lost,0,1,
T0798,2025-09-28,,R06,K10,3,3,841716.76,In progress,0,0,
T0799,2025-03-01,2025-03-30,R03,K10,5,3,295256.25,Lost,0,1,
T0800,2024-09-12,2024-11-04,R03,K05,5,3,1513530.46,Lost,0,1,
T0801,2025-04-21,2025-06-02,R03,K03,5,1,187329.59,Lost,0,1,
T0802,2025-10-17,,R08,K04,3,3,241693.73,In progress,0,0,
T0803,2025-11-13,,R02,K09,3,3,161432.67,In progress,0,0,
T0804,2025-06-16,2025-08-23,R06,K04,5,3,1086214.5,Lost,0,1,
T0805,2024-02-22,2024-05-09,R02,K07,4,3,1184152.28,Won,1,1,C0049
T0806,2025-10-13,2025-12-31,R02,K01,5,3,155333.92,Lost,0,1,
T0807,2025-02-12,2025-03-17,R03,K12,5,3,440905.0,Lost,0,1,
T0808,2024-07-07,2024-09-29,R05,K04,5,3,646002.73,Lost,0,1,
T0809,2025-11-18,,R02,K10,3,3,405665.74,In progress,0,0,
T0810,2024-01-19,2024-03-26,R05,K07,4,3,223699.25,Won,1,1,C0019
T0811,2024-09-11,2024-11-06,R05,K08,5,3,652223.05,Lost,0,1,
T0812,2024-10-29,2025-02-03,R06,K06,5,3,3081695.57,Lost,0,1,
T0813,2024-01-31,2024-03-17,R05,K12,5,3,155350.32,Lost,0,1,
T0814,2025-12-24,,R08,K10,3,3,918171.64,In progress,0,0,
T0815,2024-09-08,2024-10-19,R06,K12,4,3,722781.85,Won,1,1,C0156
T0816,2024-02-16,2024-04-05,R01,K02,5,3,1104593.87,Lost,0,1,
T0817,2024-12-24,2025-03-09,R03,K12,5,3,391721.43,Lost,0,1,
T0818,2024-04-09,2024-05-15,R02,K04,5,3,436988.15,Lost,0,1,
T0819,2024-08-15,2024-10-10,R06,K02,4,3,521003.69,Won,1,1,C0149
T0820,2025-10-20,,R01,K09,3,3,213407.68,In progress,0,0,
T0821,2025-08-04,,R03,K03,3,3,644558.03,In progress,0,0,
T0822,2025-04-09,2025-07-03,R03,K03,4,3,564063.22,Won,1,1,C0286
T0823,2025-03-01,2025-04-28,R06,K10,5,3,537502.96,Lost,0,1,
T0824,2024-09-27,2024-10-23,R04,K06,5,3,550937.63,Lost,0,1,
T0825,2024-02-13,2024-05-22,R02,K09,5,3,332020.43,Lost,0,1,
T0826,2024-09-13,2024-12-18,R04,K11,5,3,363704.51,Lost,0,1,
T0827,2024-03-06,2024-06-08,R02,K10,5,3,264059.81,Lost,0,1,
T0828,2024-03-14,2024-06-19,R08,K06,5,2,710815.33,Lost,0,1,
T0829,2025-06-10,2025-08-09,R04,K03,4,3,1100071.97,Won,1,1,C0317
T0830,2025-12-05,,R01,K12,3,3,718515.33,In progress,0,0,
T0831,2025-01-23,2025-02-22,R04,K05,5,2,591597.99,Lost,0,1,
T0832,2025-09-17,,R02,K05,1,1,384957.71,In progress,0,0,
T0833,2025-11-01,2025-12-31,R01,K08,5,3,497928.46,Lost,0,1,
T0834,2024-03-09,2024-04-23,R01,K10,5,3,444753.3,Lost,0,1,
T0835,2025-04-11,2025-07-03,R01,K04,5,3,438455.66,Lost,0,1,
T0836,2025-04-24,2025-06-06,R04,K05,5,3,2026039.86,Lost,0,1,
T0837,2024-09-27,2024-12-25,R06,K11,5,3,947705.49,Lost,0,1,
T0838,2024-11-25,2025-02-03,R01,K11,5,3,651066.9,Lost,0,1,
T0839,2024-02-19,2024-04-01,R04,K08,5,3,352878.17,Lost,0,1,
T0840,2024-07-26,2024-10-18,R04,K10,5,3,729131.44,Lost,0,1,
T0841,2025-06-08,2025-06-30,R01,K12,5,3,538928.59,Lost,0,1,
T0842,2025-09-01,2025-11-19,R03,K08,5,3,319139.58,Lost,0,1,
T0843,2025-02-11,2025-05-11,R08,K03,5,3,456746.8,Lost,0,1,
T0844,2024-02-18,2024-04-14,R06,K04,5,2,775513.73,Lost,0,1,
T0845,2024-03-20,2024-06-06,R01,K05,5,3,298945.37,Lost,0,1,
T0846,2024-09-07,2024-10-20,R01,K01,4,3,414144.24,Won,1,1,C0153
T0847,2024-12-20,2025-01-22,R04,K06,5,3,429662.76,Lost,0,1,
T0848,2025-02-09,2025-04-25,R05,K07,5,3,246892.15,Lost,0,1,
T0849,2025-10-06,2025-12-12,R01,K01,5,3,232402.1,Lost,0,1,
T0850,2024-02-26,2024-03-31,R05,K02,5,3,903497.75,Lost,0,1,
T0851,2024-04-19,2024-05-16,R07,K10,4,3,466971.89,Won,1,1,C0113
T0852,2024-09-22,2024-12-05,R08,K04,5,3,732180.01,Lost,0,1,
T0853,2025-03-05,2025-04-25,R01,K03,5,2,333111.12,Lost,0,1,
T0854,2025-01-09,2025-03-22,R07,K09,5,3,2517022.8,Lost,0,1,
T0855,2024-12-26,2025-03-08,R08,K03,4,3,779692.55,Won,1,1,C0196
T0856,2024-06-05,2024-08-11,R08,K12,5,3,772326.23,Lost,0,1,
T0857,2024-05-06,2024-06-30,R01,K07,4,3,317498.48,Won,1,1,C0120
T0858,2024-11-04,2025-01-29,R07,K01,5,3,952092.15,Lost,0,1,
T0859,2025-09-28,2025-11-29,R02,K02,5,3,156207.9,Lost,0,1,
T0860,2025-11-30,2025-12-31,R01,K02,4,3,614210.74,Won,1,1,C0400
T0861,2024-01-08,2024-03-10,R01,K04,5,3,542313.16,Lost,0,1,
T0862,2024-07-11,2024-08-29,R01,K06,5,3,633204.67,Lost,0,1,
T0863,2025-12-27,2025-12-31,R02,K08,5,3,170924.98,Lost,0,1,
T0864,2025-05-08,2025-08-13,R01,K11,5,3,122725.45,Lost,0,1,
T0865,2024-01-01,2024-01-24,R01,K11,4,3,633848.16,Won,1,1,C0001
T0866,2025-05-12,2025-06-14,R02,K04,5,3,354417.79,Lost,0,1,
T0867,2025-05-17,2025-06-17,R07,K06,5,3,783247.14,Lost,0,1,
T0868,2025-01-16,2025-03-02,R02,K08,5,3,394934.86,Lost,0,1,
T0869,2025-09-17,,R01,K02,3,3,609173.35,In progress,0,0,
T0870,2024-12-12,2025-01-09,R07,K11,5,3,422189.47,Lost,0,1,
T0871,2025-08-02,2025-08-31,R02,K08,5,3,249320.94,Lost,0,1,
T0872,2024-11-14,2025-01-20,R01,K05,5,3,637439.64,Lost,0,1,
T0873,2024-11-29,2025-01-28,R08,K05,4,3,1362889.81,Won,1,1,C0187
T0874,2025-10-24,2025-12-21,R02,K08,5,3,383210.88,Lost,0,1,
T0875,2024-07-28,2024-09-24,R03,K12,5,3,556065.26,Lost,0,1,
T0876,2025-04-09,2025-05-13,R08,K12,5,2,1154014.3,Lost,0,1,
T0877,2024-07-05,2024-09-08,R08,K02,5,3,176609.34,Lost,0,1,
T0878,2025-02-02,2025-03-31,R07,K09,5,2,500266.4,Lost,0,1,
T0879,2024-10-03,2024-11-03,R01,K07,5,3,890158.93,Lost,0,1,
T0880,2025-04-08,2025-06-19,R06,K04,5,3,409757.13,Lost,0,1,
T0881,2024-12-05,2025-03-07,R08,K04,5,3,916500.44,Lost,0,1,
T0882,2025-11-03,,R07,K07,3,3,485726.52,In progress,0,0,
T0883,2025-04-01,2025-05-22,R05,K09,5,3,472794.48,Lost,0,1,
T0884,2025-05-24,2025-06-19,R03,K06,5,3,847025.47,Lost,0,1,
T0885,2024-04-15,2024-06-27,R02,K07,5,3,380931.39,Lost,0,1,
T0886,2024-03-13,2024-05-14,R04,K08,5,3,276094.86,Lost,0,1,
T0887,2024-01-11,2024-02-17,R02,K03,4,3,336650.53,Won,1,1,C0012
T0888,2025-03-04,2025-05-15,R02,K01,4,3,492470.82,Won,1,1,C0256
T0889,2024-08-06,2024-10-01,R01,K03,5,3,316753.99,Lost,0,1,
T0890,2024-03-08,2024-06-13,R02,K07,4,3,319400.05,Won,1,1,C0070
T0891,2025-05-23,2025-07-13,R01,K03,4,3,381172.65,Won,1,1,C0308
T0892,2024-06-06,2024-07-11,R04,K04,4,3,531070.65,Won,1,1,C0132
T0893,2024-07-23,2024-09-11,R03,K06,5,3,517016.98,Lost,0,1,
T0894,2024-01-24,2024-03-04,R07,K10,5,3,1022059.99,Lost,0,1,
T0895,2024-10-17,2025-01-15,R04,K10,5,3,864246.96,Lost,0,1,
T0896,2024-12-16,2025-01-08,R01,K06,4,3,256837.35,Won,1,1,C0190
T0897,2025-01-09,2025-03-18,R04,K09,5,3,332327.08,Lost,0,1,
T0898,2024-08-11,2024-09-16,R04,K12,5,3,341190.71,Lost,0,1,
T0899,2024-02-09,2024-05-01,R06,K11,5,3,1007336.2,Lost,0,1,
T0900,2024-11-30,2025-02-07,R08,K05,5,3,304234.01,Lost,0,1,
T0901,2025-02-03,2025-04-15,R01,K07,5,3,283727.32,Lost,0,1,
T0902,2024-02-06,2024-04-17,R05,K08,4,3,436348.33,Won,1,1,C0033
T0903,2024-01-19,2024-02-19,R03,K03,5,3,476938.56,Lost,0,1,
T0904,2024-01-11,2024-02-28,R03,K10,5,3,528137.81,Lost,0,1,
T0905,2024-04-07,2024-05-12,R01,K05,4,3,356103.26,Won,1,1,C0099
T0906,2024-10-24,2024-12-11,R03,K07,5,3,318945.07,Lost,0,1,
T0907,2024-05-18,2024-07-27,R08,K10,5,3,349189.65,Lost,0,1,
T0908,2024-10-20,2025-01-12,R07,K01,5,3,738896.19,Lost,0,1,
T0909,2025-10-05,,R07,K05,3,3,1007751.25,In progress,0,0,
T0910,2024-09-24,2024-12-13,R02,K08,5,3,371431.99,Lost,0,1,
T0911,2025-07-20,2025-08-12,R01,K02,5,3,281163.51,Lost,0,1,
T0912,2025-02-21,2025-04-01,R07,K07,5,3,441472.64,Lost,0,1,
T0913,2025-12-01,2025-12-31,R03,K10,5,3,219563.14,Lost,0,1,
T0914,2024-04-14,2024-05-14,R02,K03,5,3,651851.82,Lost,0,1,
T0915,2024-04-18,2024-06-09,R04,K02,4,3,270188.09,Won,1,1,C0110
T0916,2025-02-21,2025-04-08,R05,K07,4,3,396345.12,Won,1,1,C0245
T0917,2025-09-06,2025-11-28,R03,K03,5,3,310566.75,Lost,0,1,
T0918,2025-11-02,2025-12-28,R04,K01,4,3,178491.64,Won,1,1,C0384
T0919,2025-03-08,2025-06-03,R03,K02,5,3,545724.11,Lost,0,1,
T0920,2024-11-23,2025-02-10,R04,K12,5,2,235079.62,Lost,0,1,
T0921,2025-07-12,2025-10-10,R02,K07,4,3,376887.52,Won,1,1,C0329
T0922,2025-07-30,2025-10-11,R01,K11,4,3,170201.89,Won,1,1,C0338
T0923,2025-02-19,2025-03-13,R08,K02,4,3,764879.48,Won,1,1,C0241
T0924,2024-10-16,2024-12-12,R07,K06,5,3,1128076.06,Lost,0,1,
T0925,2024-10-15,2025-01-08,R01,K05,5,3,329086.32,Lost,0,1,
T0926,2024-11-11,2024-12-31,R05,K07,5,3,979321.23,Lost,0,1,
T0927,2025-11-23,2025-12-18,R02,K03,4,3,231127.85,Won,1,1,C0394
T0928,2025-02-09,2025-04-05,R04,K02,4,3,785831.42,Won,1,1,C0236
T0929,2024-07-13,2024-10-17,R04,K06,5,3,424616.82,Lost,0,1,
T0930,2025-03-09,2025-05-08,R03,K11,5,3,261245.06,Lost,0,1,
T0931,2025-09-24,,R06,K05,3,3,2725540.82,In progress,0,0,
T0932,2025-05-16,2025-07-20,R03,K06,5,3,265995.48,Lost,0,1,
T0933,2025-11-10,2025-12-30,R04,K10,5,3,578274.93,Lost,0,1,
T0934,2025-10-24,,R01,K04,3,3,333735.28,In progress,0,0,
T0935,2025-12-12,2025-12-31,R08,K07,5,3,270079.26,Lost,0,1,
T0936,2025-02-19,2025-05-22,R03,K06,4,3,303508.29,Won,1,1,C0242
T0937,2024-10-14,2024-11-24,R05,K04,5,3,488473.45,Lost,0,1,
T0938,2024-04-17,2024-05-28,R04,K10,5,3,290636.26,Lost,0,1,
T0939,2024-09-15,2024-10-26,R08,K01,5,3,333219.77,Lost,0,1,
T0940,2024-01-14,2024-03-19,R07,K04,5,3,381726.29,Lost,0,1,
T0941,2025-09-25,,R03,K06,3,3,2226292.37,In progress,0,0,
T0942,2025-04-23,2025-06-19,R06,K06,5,3,1060086.52,Lost,0,1,
T0943,2024-01-31,2024-03-26,R08,K11,4,3,1333811.87,Won,1,1,C0028
T0944,2025-11-07,2025-12-24,R01,K01,5,2,724783.49,Lost,0,1,
T0945,2024-04-27,2024-07-07,R04,K06,4,3,143999.5,Won,1,1,C0118
T0946,2025-09-27,,R05,K11,3,3,850586.31,In progress,0,0,
T0947,2025-03-03,2025-04-11,R02,K10,5,3,940641.07,Lost,0,1,
T0948,2024-06-30,2024-08-17,R01,K09,5,3,380174.69,Lost,0,1,
T0949,2025-01-19,2025-04-03,R04,K08,4,3,216887.74,Won,1,1,C0218
T0950,2024-03-06,2024-04-06,R05,K09,5,2,344394.78,Lost,0,1,
T0951,2025-04-01,2025-06-28,R03,K06,5,3,858402.29,Lost,0,1,
T0952,2025-04-11,2025-05-24,R02,K12,5,3,454378.51,Lost,0,1,
T0953,2025-06-22,2025-08-03,R07,K09,5,3,817651.49,Lost,0,1,
T0954,2025-09-25,2025-10-24,R07,K02,4,3,561430.36,Won,1,1,C0363
T0955,2024-09-13,2024-11-18,R05,K07,5,3,135343.92,Lost,0,1,
T0956,2025-10-17,2025-12-05,R08,K11,5,3,1185950.98,Lost,0,1,
T0957,2024-12-23,2025-03-08,R04,K09,4,3,551035.61,Won,1,1,C0194
T0958,2024-06-18,2024-07-14,R04,K03,4,3,298350.38,Won,1,1,C0137
T0959,2024-02-08,2024-03-24,R08,K11,5,3,973919.65,Lost,0,1,
T0960,2024-01-06,2024-02-29,R05,K02,5,3,1517643.44,Lost,0,1,
T0961,2024-04-01,2024-05-13,R02,K11,4,3,1225337.33,Won,1,1,C0094
T0962,2025-06-03,2025-09-06,R03,K09,4,3,626277.53,Won,1,1,C0312
T0963,2024-03-08,2024-05-08,R02,K03,5,3,403691.93,Lost,0,1,
T0964,2024-12-16,2025-02-14,R01,K12,5,1,612536.23,Lost,0,1,
T0965,2024-10-05,2025-01-06,R04,K07,5,3,360551.14,Lost,0,1,
T0966,2025-01-20,2025-03-23,R02,K03,5,3,324338.56,Lost,0,1,
T0967,2025-12-11,,R04,K10,3,3,203851.02,In progress,0,0,
T0968,2025-05-15,2025-06-21,R03,K09,5,3,557249.88,Lost,0,1,
T0969,2025-11-24,,R01,K07,3,3,511676.64,In progress,0,0,
T0970,2025-05-15,2025-08-06,R08,K11,5,3,542775.53,Lost,0,1,
T0971,2024-03-26,2024-06-26,R07,K07,5,3,875285.9,Lost,0,1,
T0972,2024-11-04,2024-12-31,R01,K01,4,3,791772.99,Won,1,1,C0178
T0973,2024-09-14,2024-12-10,R03,K12,5,3,343194.68,Lost,0,1,
T0974,2025-09-29,,R07,K05,2,2,1773705.96,In progress,0,0,
T0975,2024-02-03,2024-03-12,R07,K09,5,3,761114.1,Lost,0,1,
T0976,2024-01-21,2024-04-11,R03,K09,5,3,263153.7,Lost,0,1,
T0977,2024-02-03,2024-03-18,R04,K07,5,3,1045612.89,Lost,0,1,
T0978,2025-04-23,2025-07-31,R01,K06,5,3,424976.57,Lost,0,1,
T0979,2025-03-12,2025-06-14,R08,K02,5,2,460563.02,Lost,0,1,
T0980,2024-01-14,2024-02-26,R07,K01,5,3,515076.53,Lost,0,1,
T0981,2024-02-10,2024-05-12,R02,K09,4,3,1560535.59,Won,1,1,C0036
T0982,2025-02-03,2025-04-18,R03,K04,5,3,245906.44,Lost,0,1,
T0983,2024-03-25,2024-05-17,R07,K12,5,3,258655.58,Lost,0,1,
T0984,2025-01-30,2025-03-12,R06,K02,4,3,1039918.63,Won,1,1,C0223
T0985,2025-10-15,2025-12-31,R02,K06,5,3,521201.41,Lost,0,1,
T0986,2025-04-22,2025-05-20,R05,K11,5,3,326718.65,Lost,0,1,
T0987,2024-11-25,2025-03-03,R08,K04,5,3,288119.16,Lost,0,1,
T0988,2025-01-15,2025-04-22,R03,K11,5,3,707381.47,Lost,0,1,
T0989,2025-09-18,2025-12-12,R03,K06,4,3,368510.7,Won,1,1,C0359
T0990,2024-07-16,2024-10-06,R03,K03,4,3,202230.18,Won,1,1,C0140
T0991,2024-01-28,2024-04-21,R01,K10,5,3,333958.55,Lost,0,1,
T0992,2025-03-16,2025-06-14,R03,K11,4,3,211424.3,Won,1,1,C0265
T0993,2025-04-02,2025-05-24,R01,K07,4,3,273690.47,Won,1,1,C0285
T0994,2024-12-10,2025-02-08,R03,K11,5,3,493495.86,Lost,0,1,
T0995,2025-02-10,2025-04-28,R04,K05,5,3,747805.19,Lost,0,1,
T0996,2025-01-23,2025-04-18,R04,K11,5,3,983398.37,Lost,0,1,
T0997,2025-12-08,2025-12-31,R03,K12,5,3,860386.89,Lost,0,1,
T0998,2024-08-21,2024-11-28,R05,K05,5,3,508850.45,Lost,0,1,
T0999,2024-05-30,2024-08-30,R01,K02,5,1,516780.84,Lost,0,1,
T1000,2025-06-23,2025-08-04,R01,K03,5,2,408911.72,Lost,0,1,
T1001,2024-11-27,2024-12-27,R05,K06,5,3,684715.77,Lost,0,1,
T1002,2024-03-30,2024-05-26,R08,K11,4,3,571350.8,Won,1,1,C0093
T1003,2025-03-28,2025-06-15,R05,K08,5,3,328994.39,Lost,0,1,
T1004,2025-01-23,2025-03-10,R06,K09,5,3,1226967.73,Lost,0,1,
T1005,2024-12-01,2025-02-19,R01,K07,5,2,529703.87,Lost,0,1,
T1006,2024-05-04,2024-07-30,R03,K06,5,3,566387.63,Lost,0,1,
T1007,2025-05-29,2025-07-11,R04,K01,4,3,563848.46,Won,1,1,C0310
T1008,2024-12-16,2025-01-25,R02,K06,5,3,681257.11,Lost,0,1,
T1009,2025-03-28,2025-05-15,R01,K07,4,3,294725.81,Won,1,1,C0281
T1010,2025-11-01,2025-12-31,R06,K10,4,3,1450292.26,Won,1,1,C0383
T1011,2025-05-07,2025-06-17,R08,K07,5,3,732905.98,Lost,0,1,
T1012,2025-07-11,2025-08-06,R02,K04,5,2,600565.88,Lost,0,1,
T1013,2025-09-22,2025-10-27,R01,K02,4,3,731014.74,Won,1,1,C0361
T1014,2025-11-24,2025-12-31,R04,K04,4,3,1798298.79,Won,1,1,C0395
T1015,2024-11-02,2025-02-04,R04,K08,4,3,425569.33,Won,1,1,C0177
T1016,2024-07-18,2024-08-13,R03,K08,5,3,220422.49,Lost,0,1,
T1017,2024-11-19,2025-02-02,R03,K05,5,3,193917.93,Lost,0,1,
T1018,2025-06-19,2025-08-16,R08,K11,5,3,784572.04,Lost,0,1,
T1019,2024-04-04,2024-05-16,R05,K12,5,3,306302.03,Lost,0,1,
T1020,2025-09-01,2025-10-05,R02,K12,5,3,428380.36,Lost,0,1,
T1021,2025-12-27,,R03,K09,3,3,523695.39,In progress,0,0,
T1022,2025-01-04,2025-02-04,R05,K05,5,3,614062.25,Lost,0,1,
T1023,2024-08-13,2024-09-03,R01,K11,5,3,851582.09,Lost,0,1,
T1024,2025-02-02,2025-03-25,R07,K03,5,3,291211.17,Lost,0,1,
T1025,2024-01-18,2024-04-11,R06,K10,5,3,375330.55,Lost,0,1,
T1026,2025-10-31,,R03,K04,3,3,324846.78,In progress,0,0,
T1027,2024-04-17,2024-06-10,R04,K02,5,3,673419.87,Lost,0,1,
T1028,2024-02-11,2024-04-09,R03,K05,5,3,1735676.07,Lost,0,1,
T1029,2025-06-11,2025-07-15,R06,K08,5,3,877930.0,Lost,0,1,
T1030,2024-04-15,2024-07-22,R03,K09,5,3,272716.67,Lost,0,1,
T1031,2024-01-09,2024-04-08,R05,K04,4,3,623818.92,Won,1,1,C0010
T1032,2025-01-28,2025-04-13,R02,K12,5,3,203211.2,Lost,0,1,
T1033,2025-08-07,2025-10-26,R02,K12,5,3,564855.04,Lost,0,1,
T1034,2025-06-25,2025-09-06,R02,K04,4,3,1143486.68,Won,1,1,C0324
T1035,2024-09-03,2024-11-13,R02,K06,5,2,427644.12,Lost,0,1,
T1036,2024-03-09,2024-06-03,R04,K07,5,3,848216.64,Lost,0,1,
T1037,2025-02-27,2025-06-04,R02,K01,4,3,320587.83,Won,1,1,C0254
T1038,2025-01-27,2025-05-05,R07,K12,5,3,627619.38,Lost,0,1,
T1039,2025-03-06,2025-04-29,R01,K11,5,3,403895.74,Lost,0,1,
T1040,2025-09-13,2025-11-15,R01,K05,5,3,539780.95,Lost,0,1,
T1041,2024-03-09,2024-06-07,R03,K02,5,3,1464793.63,Lost,0,1,
T1042,2025-01-26,2025-05-01,R01,K04,5,3,64224.37,Lost,0,1,
T1043,2025-08-14,2025-10-17,R01,K02,4,3,459270.63,Won,1,1,C0346
T1044,2025-12-07,2025-12-31,R08,K03,4,3,690331.17,Won,1,1,C0405
T1045,2025-07-05,2025-10-08,R02,K10,5,2,282202.75,Lost,0,1,
T1046,2024-10-23,2024-11-26,R03,K05,5,3,283958.66,Lost,0,1,
T1047,2025-04-07,2025-06-27,R01,K09,5,3,304337.09,Lost,0,1,
T1048,2024-04-14,2024-05-17,R01,K06,4,3,188686.13,Won,1,1,C0107
T1049,2024-09-28,2024-11-20,R03,K02,5,3,629389.35,Lost,0,1,
T1050,2024-12-18,2025-01-30,R05,K05,5,3,251750.95,Lost,0,1,
T1051,2024-02-16,2024-04-15,R04,K01,4,3,445495.58,Won,1,1,C0043
T1052,2025-07-27,2025-09-27,R01,K02,4,3,366046.78,Won,1,1,C0336
T1053,2024-12-19,2025-01-13,R05,K02,4,3,1188190.72,Won,1,1,C0192
T1054,2024-03-20,2024-04-23,R03,K10,4,3,276153.89,Won,1,1,C0084
T1055,2024-03-23,2024-06-14,R08,K12,5,3,479207.98,Lost,0,1,
T1056,2025-11-04,2025-12-31,R02,K03,5,3,466094.39,Lost,0,1,
T1057,2025-08-06,2025-10-23,R02,K10,5,3,274344.94,Lost,0,1,
T1058,2024-04-12,2024-06-11,R01,K11,5,3,279065.15,Lost,0,1,
T1059,2025-04-01,2025-06-11,R08,K07,5,3,519034.53,Lost,0,1,
T1060,2025-09-19,2025-10-10,R01,K03,4,3,251891.37,Won,1,1,C0360
T1061,2025-02-04,2025-03-28,R05,K12,5,3,322843.23,Lost,0,1,
T1062,2024-03-12,2024-04-29,R04,K01,5,3,393471.59,Lost,0,1,
T1063,2025-04-01,2025-05-11,R06,K12,5,3,1078984.38,Lost,0,1,
T1064,2024-04-11,2024-05-09,R04,K07,5,3,296260.74,Lost,0,1,
T1065,2025-10-09,,R07,K09,3,3,1225194.53,In progress,0,0,
T1066,2024-04-20,2024-05-18,R01,K01,5,3,122926.14,Lost,0,1,
T1067,2025-06-01,2025-08-08,R05,K03,4,3,237853.67,Won,1,1,C0311
T1068,2024-01-27,2024-04-08,R07,K11,5,3,463616.88,Lost,0,1,
T1069,2025-04-05,2025-05-14,R02,K10,5,3,426346.6,Lost,0,1,
T1070,2024-03-28,2024-06-30,R02,K11,5,3,762544.81,Lost,0,1,
T1071,2024-02-20,2024-03-30,R06,K11,5,3,493331.02,Lost,0,1,
T1072,2024-09-19,2024-11-13,R01,K03,4,3,195647.61,Won,1,1,C0164
T1073,2024-03-13,2024-05-15,R04,K04,4,3,589344.39,Won,1,1,C0075
T1074,2025-08-30,2025-11-18,R03,K04,5,3,243232.78,Lost,0,1,
T1075,2025-05-07,2025-08-06,R02,K05,5,3,301834.58,Lost,0,1,
T1076,2024-05-22,2024-08-26,R06,K04,5,2,832999.76,Lost,0,1,
T1077,2025-12-17,2025-12-31,R07,K07,4,3,755008.28,Won,1,1,C0409
T1078,2024-02-10,2024-05-05,R04,K03,4,3,78782.6,Won,1,1,C0037
T1079,2025-01-26,2025-03-02,R05,K09,5,3,481860.78,Lost,0,1,
T1080,2024-12-14,2025-03-22,R02,K04,5,3,391125.24,Lost,0,1,
T1081,2025-02-23,2025-04-28,R08,K08,5,3,488918.11,Lost,0,1,
T1082,2025-02-16,2025-04-28,R02,K03,5,3,550406.91,Lost,0,1,
T1083,2024-01-22,2024-03-12,R05,K07,5,3,1003274.71,Lost,0,1,
T1084,2024-04-10,2024-06-02,R03,K12,4,3,144249.81,Won,1,1,C0102
T1085,2024-06-11,2024-09-03,R01,K01,5,3,430359.29,Lost,0,1,
T1086,2024-02-10,2024-04-28,R06,K04,5,3,789287.23,Lost,0,1,
T1087,2025-01-01,2025-02-04,R03,K03,5,3,378697.19,Lost,0,1,
T1088,2025-01-01,2025-04-01,R08,K07,5,3,1279269.0,Lost,0,1,
T1089,2025-11-21,2025-12-31,R04,K04,5,3,387277.47,Lost,0,1,
T1090,2025-11-21,2025-12-14,R04,K06,5,3,206903.62,Lost,0,1,
T1091,2024-02-01,2024-03-23,R04,K06,4,3,458001.03,Won,1,1,C0029
T1092,2024-05-06,2024-07-26,R02,K08,5,3,742853.86,Lost,0,1,
T1093,2025-03-10,2025-04-10,R01,K01,5,3,461458.74,Lost,0,1,
T1094,2024-09-04,2024-12-02,R04,K09,5,3,469772.13,Lost,0,1,
T1095,2025-01-02,2025-02-11,R03,K02,4,3,674285.36,Won,1,1,C0202
T1096,2025-10-10,2025-11-28,R08,K08,4,3,3094564.83,Won,1,1,C0372
T1097,2025-01-26,2025-03-30,R05,K08,5,3,373459.37,Lost,0,1,
T1098,2024-10-20,2024-12-19,R07,K11,5,1,1190499.57,Lost,0,1,
T1099,2025-11-20,2025-12-31,R08,K04,4,3,882402.32,Won,1,1,C0392
T1100,2025-03-14,2025-05-15,R08,K06,5,3,804011.9,Lost,0,1,
T1101,2024-09-15,2024-10-15,R05,K02,4,3,373435.95,Won,1,1,C0161
T1102,2025-09-02,2025-10-21,R01,K09,5,3,411012.63,Lost,0,1,
T1103,2024-05-08,2024-07-20,R03,K05,4,3,239739.84,Won,1,1,C0122
T1104,2024-05-09,2024-06-02,R04,K03,5,3,512627.77,Lost,0,1,
T1105,2024-09-07,2024-10-07,R02,K07,5,3,633616.07,Lost,0,1,
T1106,2024-09-11,2024-12-07,R01,K07,5,3,461938.3,Lost,0,1,
T1107,2024-06-10,2024-08-10,R06,K03,4,3,391349.49,Won,1,1,C0133
T1108,2024-10-18,2024-11-23,R06,K10,5,3,1155632.38,Lost,0,1,
T1109,2024-03-17,2024-06-21,R08,K09,5,3,169924.67,Lost,0,1,
T1110,2025-08-30,2025-11-29,R08,K04,4,3,514177.98,Won,1,1,C0350
T1111,2024-03-27,2024-05-07,R05,K05,5,3,355138.79,Lost,0,1,
T1112,2025-09-07,2025-11-09,R06,K01,5,3,898285.49,Lost,0,1,
T1113,2025-09-30,2025-10-21,R04,K02,4,3,195862.63,Won,1,1,C0367
T1114,2025-04-30,2025-07-03,R08,K03,4,3,484098.69,Won,1,1,C0297
T1115,2025-03-16,2025-05-28,R03,K03,5,3,382795.38,Lost,0,1,
T1116,2024-06-22,2024-08-03,R05,K02,5,2,808519.11,Lost,0,1,
T1117,2024-11-30,2025-02-23,R01,K06,5,3,492863.73,Lost,0,1,
T1118,2025-06-09,2025-07-21,R08,K06,4,3,1134783.08,Won,1,1,C0316
T1119,2025-02-23,2025-05-01,R04,K01,4,3,241463.76,Won,1,1,C0249
T1120,2025-10-28,2025-12-31,R04,K06,4,3,164416.46,Won,1,1,C0382
T1121,2024-01-21,2024-02-29,R04,K09,5,3,271091.56,Lost,0,1,
T1122,2024-02-25,2024-05-21,R03,K02,5,3,209840.0,Lost,0,1,
T1123,2025-11-21,2025-12-31,R06,K07,5,3,1066955.13,Lost,0,1,
T1124,2024-05-18,2024-07-21,R05,K10,5,3,537904.91,Lost,0,1,
T1125,2024-08-28,2024-10-03,R04,K01,5,1,995027.65,Lost,0,1,
T1126,2024-02-04,2024-04-29,R07,K08,5,3,1771893.29,Lost,0,1,
T1127,2025-04-09,2025-06-26,R07,K04,5,3,1148683.8,Lost,0,1,
T1128,2025-01-13,2025-03-06,R02,K05,4,3,176868.2,Won,1,1,C0211
T1129,2025-09-01,2025-11-27,R05,K10,5,1,487662.0,Lost,0,1,
T1130,2025-03-23,2025-05-06,R07,K04,4,3,365476.64,Won,1,1,C0275
T1131,2024-07-03,2024-09-05,R04,K03,5,3,307307.68,Lost,0,1,
T1132,2025-02-25,2025-03-27,R05,K12,5,3,323725.96,Lost,0,1,
T1133,2024-03-31,2024-05-17,R08,K02,5,3,649301.92,Lost,0,1,
T1134,2024-09-12,2024-11-13,R02,K01,5,2,877611.71,Lost,0,1,
T1135,2025-12-07,2025-12-31,R01,K02,4,3,332565.34,Won,1,1,C0406
T1136,2024-06-13,2024-09-11,R08,K01,5,3,362842.36,Lost,0,1,
T1137,2025-03-08,2025-05-10,R04,K02,4,3,305303.49,Won,1,1,C0259
T1138,2024-06-12,2024-08-23,R07,K03,5,2,2227219.71,Lost,0,1,
T1139,2024-03-07,2024-04-07,R01,K11,4,3,910579.83,Won,1,1,C0068
T1140,2025-01-12,2025-04-20,R01,K11,5,3,184682.44,Lost,0,1,
T1141,2024-01-22,2024-04-21,R05,K12,5,2,396492.62,Lost,0,1,
T1142,2025-03-20,2025-06-02,R01,K10,5,3,2265486.56,Lost,0,1,
T1143,2024-01-22,2024-02-29,R04,K01,5,3,231791.87,Lost,0,1,
T1144,2024-07-25,2024-10-27,R06,K10,5,3,762157.91,Lost,0,1,
T1145,2024-02-18,2024-05-23,R01,K12,5,3,402598.03,Lost,0,1,
T1146,2025-06-05,2025-08-22,R08,K10,5,3,287522.19,Lost,0,1,
T1147,2024-11-18,2025-01-07,R03,K10,5,3,683028.83,Lost,0,1,
T1148,2025-06-14,2025-09-15,R07,K12,5,3,552899.58,Lost,0,1,
T1149,2024-11-15,2024-12-22,R05,K06,4,3,729083.82,Won,1,1,C0183
T1150,2024-11-03,2024-12-23,R05,K07,5,3,462012.41,Lost,0,1,
T1151,2024-02-29,2024-04-19,R08,K04,4,3,354906.29,Won,1,1,C0060
T1152,2024-11-11,2025-01-05,R06,K11,5,3,841338.22,Lost,0,1,
T1153,2025-11-29,2025-12-31,R07,K10,4,3,696932.05,Won,1,1,C0398
T1154,2025-05-09,2025-06-06,R01,K06,5,3,710129.15,Lost,0,1,
T1155,2024-02-05,2024-04-02,R02,K10,5,3,220876.33,Lost,0,1,
T1156,2024-12-27,2025-01-31,R02,K04,4,3,157849.63,Won,1,1,C0197
T1157,2024-01-28,2024-03-26,R03,K02,4,3,900561.79,Won,1,1,C0024
T1158,2024-09-03,2024-10-01,R08,K09,5,3,549111.41,Lost,0,1,
T1159,2025-06-04,2025-08-17,R03,K09,5,3,278601.89,Lost,0,1,
T1160,2024-02-07,2024-04-07,R03,K05,5,3,789884.18,Lost,0,1,
T1161,2025-06-24,2025-08-07,R02,K05,5,3,289037.45,Lost,0,1,
T1162,2024-02-13,2024-03-16,R06,K05,5,3,1264658.28,Lost,0,1,
T1163,2025-02-14,2025-03-22,R02,K01,5,3,246478.29,Lost,0,1,
T1164,2025-07-25,2025-08-29,R05,K07,5,3,589678.86,Lost,0,1,
T1165,2024-03-08,2024-05-02,R02,K10,4,3,602854.54,Won,1,1,C0071
T1166,2024-01-11,2024-02-23,R06,K02,5,3,837722.08,Lost,0,1,
T1167,2025-01-09,2025-03-25,R08,K04,5,3,701929.49,Lost,0,1,
T1168,2025-08-12,2025-10-05,R04,K08,5,3,930678.34,Lost,0,1,
T1169,2025-05-28,2025-09-03,R05,K05,5,3,369562.16,Lost,0,1,
T1170,2025-07-02,2025-08-19,R03,K01,4,3,513355.46,Won,1,1,C0326
T1171,2025-03-24,2025-05-05,R06,K06,5,3,740601.68,Lost,0,1,
T1172,2025-12-10,2025-12-31,R03,K06,5,3,351434.02,Lost,0,1,
T1173,2025-04-20,2025-07-17,R05,K12,5,3,827871.88,Lost,0,1,
T1174,2024-03-18,2024-05-22,R04,K07,5,3,606847.96,Lost,0,1,
T1175,2024-01-26,2024-04-14,R02,K05,4,3,256329.33,Won,1,1,C0023
T1176,2025-09-07,,R05,K05,3,3,674363.79,In progress,0,0,
T1177,2024-08-02,2024-09-12,R05,K06,5,3,1226347.51,Lost,0,1,
T1178,2025-03-04,2025-05-09,R05,K04,4,3,286552.9,Won,1,1,C0257
T1179,2025-10-21,,R08,K10,3,3,582025.85,In progress,0,0,
T1180,2024-05-15,2024-07-16,R05,K08,5,3,563417.03,Lost,0,1,
T1181,2025-03-31,2025-06-20,R02,K07,4,3,323727.43,Won,1,1,C0284
T1182,2025-01-11,2025-03-23,R02,K03,5,3,1119934.15,Lost,0,1,
T1183,2025-02-23,2025-04-06,R01,K11,5,3,317803.62,Lost,0,1,
T1184,2025-07-14,2025-09-14,R03,K01,5,2,426090.78,Lost,0,1,
T1185,2025-02-13,2025-04-17,R03,K10,4,3,342323.27,Won,1,1,C0237
T1186,2024-08-17,2024-10-25,R06,K04,5,3,574527.76,Lost,0,1,
T1187,2024-04-01,2024-06-01,R04,K04,5,2,1089828.9,Lost,0,1,
T1188,2025-11-22,2025-12-31,R05,K11,4,3,449958.3,Won,1,1,C0393
T1189,2025-05-14,2025-07-06,R02,K07,5,3,276632.21,Lost,0,1,
T1190,2025-06-04,2025-07-15,R03,K08,4,3,180930.07,Won,1,1,C0313
T1191,2024-02-12,2024-04-30,R08,K05,5,3,292772.29,Lost,0,1,
T1192,2025-05-19,2025-08-11,R01,K01,4,3,369789.92,Won,1,1,C0307
T1193,2025-05-09,2025-06-28,R08,K10,4,3,446283.06,Won,1,1,C0301
T1194,2024-12-05,2025-01-18,R04,K07,5,3,418644.34,Lost,0,1,
T1195,2025-09-04,2025-11-07,R02,K03,5,3,623995.37,Lost,0,1,
T1196,2024-06-01,2024-07-06,R02,K07,5,3,854355.84,Lost,0,1,
T1197,2024-03-26,2024-06-01,R07,K08,5,3,1242613.59,Lost,0,1,
T1198,2024-02-01,2024-04-16,R03,K04,5,3,188971.88,Lost,0,1,
T1199,2025-03-30,2025-05-01,R06,K07,5,3,2068873.35,Lost,0,1,
T1200,2025-04-24,2025-05-29,R07,K11,4,3,1069795.47,Won,1,1,C0293
T1201,2025-02-27,2025-06-03,R03,K01,5,3,273394.17,Lost,0,1,
T1202,2025-02-25,2025-04-14,R01,K11,5,3,202551.39,Lost,0,1,
T1203,2025-10-25,2025-12-26,R04,K09,5,3,431630.43,Lost,0,1,
T1204,2025-03-12,2025-06-19,R01,K11,5,3,887819.71,Lost,0,1,
T1205,2025-03-17,2025-04-17,R03,K06,5,3,277647.94,Lost,0,1,
T1206,2025-01-18,2025-04-19,R03,K04,4,3,330671.43,Won,1,1,C0216
T1207,2025-02-23,2025-05-21,R02,K12,5,3,245575.32,Lost,0,1,
T1208,2025-03-02,2025-06-02,R03,K09,4,3,906281.36,Won,1,1,C0255
T1209,2025-10-15,,R07,K08,1,1,985594.41,In progress,0,0,
T1210,2024-09-30,2024-10-25,R02,K11,5,3,220870.29,Lost,0,1,
T1211,2025-02-24,2025-04-11,R01,K06,5,3,492398.53,Lost,0,1,
T1212,2024-01-31,2024-04-10,R05,K02,5,3,961602.1,Lost,0,1,
T1213,2024-06-06,2024-07-22,R03,K04,5,3,269317.35,Lost,0,1,
T1214,2025-01-22,2025-02-21,R03,K11,5,1,450390.74,Lost,0,1,
T1215,2024-08-23,2024-11-21,R04,K06,5,3,395543.56,Lost,0,1,
T1216,2024-04-23,2024-07-17,R08,K09,5,3,689252.43,Lost,0,1,
T1217,2025-02-12,2025-05-16,R01,K06,5,3,420664.32,Lost,0,1,
T1218,2024-05-11,2024-07-20,R08,K08,5,3,148886.75,Lost,0,1,
T1219,2024-03-24,2024-06-16,R05,K05,5,3,553372.04,Lost,0,1,
T1220,2024-06-11,2024-08-21,R03,K12,5,3,239860.14,Lost,0,1,
T1221,2024-01-07,2024-04-14,R07,K04,4,3,663564.5,Won,1,1,C0008
T1222,2025-03-31,2025-07-07,R04,K11,5,3,497272.09,Lost,0,1,
T1223,2024-12-07,2025-02-22,R03,K07,5,3,113964.02,Lost,0,1,
T1224,2024-10-23,2024-11-29,R06,K11,5,3,2208203.24,Lost,0,1,
T1225,2024-09-05,2024-11-04,R08,K09,5,3,246034.68,Lost,0,1,
T1226,2024-02-13,2024-04-21,R05,K12,4,3,418184.44,Won,1,1,C0040
T1227,2025-01-06,2025-03-22,R05,K02,5,3,305544.91,Lost,0,1,
T1228,2024-11-29,2024-12-28,R04,K12,5,3,306491.68,Lost,0,1,
T1229,2024-02-25,2024-05-23,R01,K04,4,3,154791.75,Won,1,1,C0054
T1230,2024-11-03,2025-02-08,R01,K01,5,3,445838.61,Lost,0,1,
T1231,2025-02-15,2025-05-23,R08,K02,5,3,413494.88,Lost,0,1,
T1232,2024-03-19,2024-04-11,R03,K09,5,3,610619.76,Lost,0,1,
T1233,2024-02-21,2024-05-12,R02,K10,4,3,787507.35,Won,1,1,C0048
T1234,2025-05-26,2025-06-23,R03,K02,4,3,323617.0,Won,1,1,C0309
T1235,2025-03-30,2025-05-01,R08,K01,4,3,1568126.35,Won,1,1,C0283
T1236,2024-11-13,2024-12-23,R01,K09,5,3,515532.11,Lost,0,1,
T1237,2025-06-07,2025-08-21,R03,K05,5,3,570955.64,Lost,0,1,
T1238,2025-10-22,,R07,K04,3,3,188195.5,In progress,0,0,
T1239,2025-01-08,2025-02-09,R05,K07,4,3,247147.33,Won,1,1,C0208
T1240,2025-01-07,2025-03-23,R06,K10,5,3,747109.89,Lost,0,1,
T1241,2024-11-06,2025-01-31,R03,K11,5,2,250397.31,Lost,0,1,
T1242,2025-09-26,2025-12-28,R06,K11,5,3,2448818.33,Lost,0,1,
T1243,2024-03-08,2024-05-14,R04,K09,5,3,321841.04,Lost,0,1,
T1244,2024-10-25,2024-11-28,R04,K06,5,3,513730.92,Lost,0,1,
T1245,2025-07-18,2025-10-12,R04,K05,5,3,759197.5,Lost,0,1,
T1246,2024-11-24,2025-02-15,R01,K04,5,3,342611.47,Lost,0,1,
T1247,2025-09-01,2025-12-01,R06,K11,4,3,647942.5,Won,1,1,C0351
T1248,2024-08-30,2024-11-04,R05,K07,5,3,1075551.08,Lost,0,1,
T1249,2024-09-16,2024-11-18,R06,K11,5,3,2346053.87,Lost,0,1,
T1250,2024-02-15,2024-05-11,R01,K02,4,3,593221.83,Won,1,1,C0041
T1251,2024-10-22,2024-11-16,R07,K01,5,3,393261.0,Lost,0,1,
T1252,2024-05-19,2024-08-11,R04,K09,5,3,537767.72,Lost,0,1,
T1253,2024-10-24,2025-01-10,R03,K06,4,3,392928.15,Won,1,1,C0172
T1254,2024-04-01,2024-07-08,R07,K08,5,3,677885.51,Lost,0,1,
T1255,2025-07-06,2025-10-01,R07,K10,4,3,1301089.27,Won,1,1,C0328
T1256,2024-07-30,2024-08-23,R07,K04,5,3,447874.72,Lost,0,1,
T1257,2024-04-08,2024-06-21,R07,K01,4,3,1785225.77,Won,1,1,C0101
T1258,2024-10-21,2024-12-15,R02,K05,5,3,963056.92,Lost,0,1,
T1259,2024-04-21,2024-05-13,R04,K05,5,3,426597.71,Lost,0,1,
T1260,2024-01-22,2024-04-27,R02,K01,5,3,1229362.95,Lost,0,1,
T1261,2024-01-20,2024-03-07,R01,K07,4,3,284720.75,Won,1,1,C0021
T1262,2024-04-18,2024-07-16,R06,K06,4,3,1007130.28,Won,1,1,C0111
T1263,2025-10-28,,R02,K01,2,2,571050.91,In progress,0,0,
T1264,2025-06-06,2025-08-10,R05,K11,5,3,1651228.11,Lost,0,1,
T1265,2024-02-18,2024-04-08,R05,K11,5,3,808836.69,Lost,0,1,
T1266,2025-03-16,2025-05-07,R04,K10,5,3,331663.17,Lost,0,1,
T1267,2025-02-22,2025-05-28,R07,K08,5,3,394563.5,Lost,0,1,
T1268,2025-08-16,2025-10-05,R07,K11,5,3,806849.26,Lost,0,1,
T1269,2024-04-27,2024-07-29,R07,K06,4,3,928399.5,Won,1,1,C0119
T1270,2025-06-07,2025-07-15,R03,K05,5,3,111178.82,Lost,0,1,
T1271,2024-06-03,2024-07-20,R06,K10,5,3,399859.79,Lost,0,1,
T1272,2025-05-06,2025-06-12,R07,K09,5,3,266793.31,Lost,0,1,
T1273,2025-12-09,2025-12-31,R01,K10,4,3,949419.76,Won,1,1,C0407
T1274,2025-02-12,2025-03-25,R05,K05,5,3,515562.77,Lost,0,1,
T1275,2025-12-24,2025-12-31,R05,K05,5,3,220819.41,Lost,0,1,
T1276,2025-07-17,2025-09-30,R03,K04,5,3,483693.1,Lost,0,1,
T1277,2025-01-09,2025-04-04,R04,K08,5,3,233353.91,Lost,0,1,
T1278,2025-12-14,2025-12-31,R08,K01,4,3,735360.14,Won,1,1,C0408
T1279,2024-04-29,2024-06-21,R01,K12,5,3,774433.67,Lost,0,1,
T1280,2024-02-28,2024-05-30,R04,K01,4,3,220507.9,Won,1,1,C0058
T1281,2024-12-04,2025-03-09,R01,K01,4,3,990323.73,Won,1,1,C0188
T1282,2024-08-11,2024-10-02,R04,K06,4,3,205478.99,Won,1,1,C0147
T1283,2024-07-19,2024-10-01,R02,K08,5,3,432457.35,Lost,0,1,
T1284,2025-03-15,2025-06-18,R07,K02,4,3,1402794.52,Won,1,1,C0264
T1285,2025-10-18,2025-11-18,R07,K01,5,3,966920.32,Lost,0,1,
T1286,2025-09-13,,R03,K09,1,1,531502.51,In progress,0,0,
T1287,2025-11-18,2025-12-31,R05,K03,4,3,379682.3,Won,1,1,C0390
T1288,2025-07-12,2025-08-19,R02,K11,4,3,1248084.59,Won,1,1,C0330
T1289,2024-01-21,2024-04-25,R01,K12,5,3,750796.13,Lost,0,1,
T1290,2024-05-16,2024-07-15,R01,K07,5,3,120987.24,Lost,0,1,
T1291,2024-01-31,2024-04-09,R06,K06,5,3,1456151.62,Lost,0,1,
T1292,2024-01-01,2024-03-27,R01,K04,4,3,1056344.1,Won,1,1,C0002
T1293,2025-01-11,2025-03-29,R02,K07,5,3,307599.23,Lost,0,1,
T1294,2025-05-22,2025-06-28,R04,K05,5,3,440898.76,Lost,0,1,
T1295,2024-04-15,2024-07-17,R02,K12,5,1,484316.32,Lost,0,1,
T1296,2024-10-02,2024-12-21,R03,K05,5,3,457140.26,Lost,0,1,
T1297,2024-01-09,2024-04-08,R04,K02,4,3,243959.83,Won,1,1,C0011
T1298,2024-05-07,2024-07-14,R08,K08,4,3,558468.93,Won,1,1,C0121
T1299,2024-09-15,2024-12-21,R04,K07,5,3,377682.78,Lost,0,1,
T1300,2024-10-18,2025-01-14,R01,K03,4,3,584919.1,Won,1,1,C0171
T1301,2025-09-03,2025-10-14,R05,K01,5,3,619177.59,Lost,0,1,
T1302,2024-12-04,2025-02-24,R06,K01,4,3,642894.73,Won,1,1,C0189
T1303,2025-03-06,2025-04-27,R01,K03,4,3,343421.15,Won,1,1,C0258
T1304,2024-01-12,2024-02-22,R02,K07,5,3,295019.34,Lost,0,1,
T1305,2025-08-05,2025-09-03,R01,K09,4,3,485629.64,Won,1,1,C0342
T1306,2024-05-31,2024-08-14,R03,K12,4,3,240909.85,Won,1,1,C0129
T1307,2025-06-19,2025-09-08,R04,K08,5,3,475105.87,Lost,0,1,
T1308,2025-11-28,,R02,K06,3,3,520146.36,In progress,0,0,
T1309,2024-11-07,2024-12-16,R08,K02,4,3,622931.44,Won,1,1,C0179
T1310,2024-05-11,2024-07-28,R05,K09,5,3,1225276.46,Lost,0,1,
T1311,2024-06-02,2024-09-07,R01,K07,5,3,459667.87,Lost,0,1,
T1312,2025-08-19,2025-10-09,R02,K11,5,3,656704.42,Lost,0,1,
T1313,2025-03-28,2025-06-13,R02,K08,5,3,820786.84,Lost,0,1,
T1314,2024-03-17,2024-06-17,R01,K02,4,3,101539.1,Won,1,1,C0083
T1315,2025-11-21,,R06,K02,3,3,794079.17,In progress,0,0,
T1316,2025-05-15,2025-08-06,R08,K02,4,3,631370.46,Won,1,1,C0305
T1317,2024-03-04,2024-05-23,R05,K04,4,3,183087.46,Won,1,1,C0065
T1318,2025-10-12,2025-11-20,R04,K11,5,3,297812.44,Lost,0,1,
T1319,2024-04-15,2024-06-21,R04,K04,5,3,206735.73,Lost,0,1,
T1320,2025-02-23,2025-04-09,R01,K09,4,3,802925.01,Won,1,1,C0250
T1321,2024-01-30,2024-03-06,R07,K05,5,3,1109546.67,Lost,0,1,
T1322,2025-08-03,2025-09-16,R02,K07,4,3,348111.16,Won,1,1,C0341
T1323,2024-03-13,2024-05-05,R08,K09,5,3,647860.59,Lost,0,1,
T1324,2025-08-12,2025-09-26,R01,K01,4,3,548752.78,Won,1,1,C0344
T1325,2025-10-16,,R08,K04,3,3,396140.48,In progress,0,0,
T1326,2025-03-24,2025-05-23,R07,K03,5,3,1077729.63,Lost,0,1,
T1327,2024-02-23,2024-04-04,R01,K08,5,3,1009604.05,Lost,0,1,
T1328,2025-02-17,2025-05-20,R05,K10,5,3,1060183.08,Lost,0,1,
T1329,2025-06-18,2025-08-24,R01,K04,5,3,327715.44,Lost,0,1,
T1330,2024-05-27,2024-09-02,R04,K12,5,3,455895.57,Lost,0,1,
T1331,2025-11-01,,R05,K03,3,3,1032372.51,In progress,0,0,
T1332,2025-02-08,2025-03-26,R07,K03,5,3,1282485.51,Lost,0,1,
T1333,2025-11-16,2025-12-31,R05,K09,5,3,281937.38,Lost,0,1,
T1334,2025-02-15,2025-04-18,R01,K05,5,3,242474.05,Lost,0,1,
T1335,2025-09-25,2025-12-05,R04,K03,5,3,1082374.98,Lost,0,1,
T1336,2025-01-19,2025-03-23,R05,K07,5,3,690534.3,Lost,0,1,
T1337,2025-02-13,2025-05-02,R07,K04,5,3,914991.6,Lost,0,1,
T1338,2024-12-20,2025-01-25,R02,K05,5,3,309491.0,Lost,0,1,
T1339,2024-04-28,2024-05-26,R05,K01,5,3,231614.64,Lost,0,1,
T1340,2024-12-07,2025-01-20,R02,K06,5,3,204556.54,Lost,0,1,
T1341,2024-04-01,2024-07-05,R07,K06,5,3,762301.03,Lost,0,1,
T1342,2024-09-02,2024-11-16,R08,K02,5,3,734284.1,Lost,0,1,
T1343,2024-03-07,2024-06-12,R08,K04,4,3,442269.54,Won,1,1,C0069
T1344,2025-12-13,,R01,K02,2,2,713519.47,In progress,0,0,
T1345,2025-10-13,2025-11-30,R01,K11,4,3,388772.28,Won,1,1,C0375
T1346,2024-10-18,2024-11-09,R04,K10,5,3,586975.21,Lost,0,1,
T1347,2025-10-27,2025-12-26,R01,K10,4,3,235415.01,Won,1,1,C0381
T1348,2024-11-22,2025-01-30,R04,K03,5,3,372359.93,Lost,0,1,
T1349,2024-01-18,2024-03-07,R03,K01,4,3,1107788.53,Won,1,1,C0018
T1350,2025-04-15,2025-07-20,R08,K09,5,3,619240.7,Lost,0,1,
T1351,2025-05-31,2025-08-27,R01,K09,5,3,781341.15,Lost,0,1,
T1352,2024-05-26,2024-09-01,R02,K03,4,3,265742.88,Won,1,1,C0126
T1353,2024-12-22,2025-01-27,R04,K11,5,3,158701.89,Lost,0,1,
T1354,2025-04-18,2025-06-19,R02,K06,5,3,257432.01,Lost,0,1,
T1355,2024-10-07,2025-01-04,R07,K09,5,3,932007.84,Lost,0,1,
T1356,2025-05-13,2025-06-12,R01,K03,5,3,675751.16,Lost,0,1,
T1357,2025-08-24,2025-09-14,R08,K11,5,2,226206.57,Lost,0,1,
T1358,2024-01-04,2024-03-08,R08,K06,4,3,449567.89,Won,1,1,C0003
T1359,2025-11-17,,R03,K12,3,3,256144.62,In progress,0,0,
T1360,2025-01-18,2025-04-21,R01,K05,5,3,725929.7,Lost,0,1,
T1361,2025-11-26,,R03,K07,3,3,141431.59,In progress,0,0,
T1362,2025-06-20,2025-09-07,R03,K02,5,3,327853.28,Lost,0,1,
T1363,2024-03-27,2024-06-05,R02,K05,5,3,548157.06,Lost,0,1,
T1364,2025-06-22,2025-08-18,R04,K02,4,3,550315.0,Won,1,1,C0322
T1365,2025-06-27,2025-08-10,R07,K11,5,3,425753.63,Lost,0,1,
T1366,2025-12-09,2025-12-31,R05,K07,5,3,520811.09,Lost,0,1,
T1367,2025-01-13,2025-03-01,R02,K09,4,3,198598.97,Won,1,1,C0212
T1368,2024-01-04,2024-03-31,R03,K11,4,3,294049.32,Won,1,1,C0004
T1369,2025-09-17,2025-11-02,R04,K01,5,3,646556.85,Lost,0,1,
T1370,2025-02-04,2025-03-18,R07,K07,5,3,702819.45,Lost,0,1,
T1371,2024-01-27,2024-03-26,R03,K10,5,3,1619499.54,Lost,0,1,
T1372,2025-01-22,2025-02-23,R06,K08,5,3,2036059.62,Lost,0,1,
T1373,2025-11-01,,R05,K08,3,3,565975.86,In progress,0,0,
T1374,2024-02-12,2024-04-04,R02,K10,5,3,655434.55,Lost,0,1,
T1375,2025-10-07,,R05,K03,3,3,871082.61,In progress,0,0,
T1376,2025-11-05,2025-12-06,R01,K12,5,3,525018.75,Lost,0,1,
T1377,2025-01-31,2025-03-28,R03,K09,5,3,1949315.39,Lost,0,1,
T1378,2025-10-13,,R08,K05,3,3,292543.64,In progress,0,0,
T1379,2025-12-18,2025-12-31,R03,K10,5,3,432997.66,Lost,0,1,
T1380,2024-03-26,2024-06-15,R03,K12,5,3,330757.69,Lost,0,1,
T1381,2024-01-09,2024-03-13,R07,K05,5,3,393452.73,Lost,0,1,
T1382,2025-11-04,,R02,K01,3,3,157314.16,In progress,0,0,
T1383,2024-02-19,2024-04-10,R01,K05,5,3,240480.57,Lost,0,1,
T1384,2024-06-07,2024-07-03,R05,K02,5,3,249579.12,Lost,0,1,
T1385,2024-01-07,2024-03-23,R01,K06,5,3,606070.5,Lost,0,1,
T1386,2024-05-13,2024-06-22,R03,K12,4,3,610622.53,Won,1,1,C0124
T1387,2024-06-17,2024-08-30,R08,K07,5,3,554944.88,Lost,0,1,
T1388,2025-05-07,2025-05-28,R01,K10,5,3,123531.64,Lost,0,1,
T1389,2025-03-10,2025-05-12,R04,K04,5,3,411147.62,Lost,0,1,
T1390,2025-10-03,2025-11-10,R02,K04,4,3,262255.56,Won,1,1,C0369
T1391,2024-03-15,2024-05-24,R04,K09,5,3,275056.94,Lost,0,1,
T1392,2024-02-15,2024-04-07,R01,K04,4,3,342327.25,Won,1,1,C0042
T1393,2024-05-21,2024-07-02,R04,K11,5,3,114244.36,Lost,0,1,
T1394,2024-04-26,2024-06-13,R01,K12,5,3,390422.43,Lost,0,1,
T1395,2025-09-05,2025-11-26,R07,K08,5,3,1558728.22,Lost,0,1,
T1396,2024-01-06,2024-02-09,R03,K01,4,3,445442.49,Won,1,1,C0006
T1397,2024-03-30,2024-05-10,R04,K05,5,3,294225.03,Lost,0,1,
T1398,2024-03-11,2024-04-29,R07,K11,5,3,507438.35,Lost,0,1,
T1399,2024-07-18,2024-09-13,R02,K01,5,3,217637.32,Lost,0,1,
T1400,2024-11-05,2025-02-09,R08,K07,5,3,867389.82,Lost,0,1,
T1401,2024-04-28,2024-07-02,R08,K02,5,3,311693.27,Lost,0,1,
T1402,2025-07-16,2025-09-12,R03,K07,4,3,428924.28,Won,1,1,C0331
T1403,2024-03-25,2024-05-12,R05,K02,5,3,470083.3,Lost,0,1,
T1404,2025-09-05,2025-12-04,R01,K10,5,3,452956.47,Lost,0,1,
T1405,2024-12-15,2025-02-06,R04,K07,5,1,795715.01,Lost,0,1,
T1406,2025-12-08,,R08,K06,1,1,200542.35,In progress,0,0,
T1407,2025-03-17,2025-05-23,R07,K10,4,3,462643.95,Won,1,1,C0268
T1408,2025-10-13,,R08,K05,3,3,296878.93,In progress,0,0,
T1409,2024-12-06,2025-03-04,R03,K12,5,1,554447.13,Lost,0,1,
T1410,2025-03-15,2025-06-18,R04,K12,5,3,150947.68,Lost,0,1,
T1411,2025-03-18,2025-04-24,R05,K05,5,3,228702.91,Lost,0,1,
T1412,2025-01-30,2025-04-02,R03,K10,4,3,172823.97,Won,1,1,C0224
T1413,2025-03-13,2025-04-16,R05,K12,4,3,1524335.87,Won,1,1,C0261
T1414,2025-01-08,2025-02-12,R07,K09,5,3,163462.41,Lost,0,1,
T1415,2025-11-18,,R04,K09,2,2,523446.83,In progress,0,0,
T1416,2024-06-16,2024-08-16,R06,K02,4,3,1331102.03,Won,1,1,C0135
T1417,2024-06-15,2024-07-13,R04,K10,5,3,326277.7,Lost,0,1,
T1418,2025-04-12,2025-07-01,R04,K09,5,1,348953.05,Lost,0,1,
T1419,2025-12-15,2025-12-31,R03,K10,5,2,257477.11,Lost,0,1,
T1420,2025-04-14,2025-05-17,R02,K03,4,3,431229.78,Won,1,1,C0288
T1421,2024-01-28,2024-04-17,R03,K11,4,3,329140.94,Won,1,1,C0025
T1422,2024-01-15,2024-02-12,R01,K08,5,3,230977.82,Lost,0,1,
T1423,2025-01-20,2025-03-26,R08,K07,5,2,404588.04,Lost,0,1,
T1424,2025-01-04,2025-01-27,R08,K05,4,3,751227.65,Won,1,1,C0206
T1425,2025-04-01,2025-06-30,R02,K10,5,1,133865.02,Lost,0,1,
T1426,2024-05-22,2024-08-13,R08,K06,5,3,667273.69,Lost,0,1,
T1427,2024-12-26,2025-01-30,R04,K10,5,3,765275.07,Lost,0,1,
T1428,2025-02-24,2025-05-29,R07,K03,4,3,1559585.43,Won,1,1,C0252
T1429,2024-12-01,2025-03-02,R03,K07,5,3,672044.61,Lost,0,1,
T1430,2024-12-05,2025-02-10,R01,K08,5,3,841711.83,Lost,0,1,
T1431,2024-04-07,2024-05-18,R06,K05,5,3,2668089.4,Lost,0,1,
T1432,2024-02-12,2024-04-01,R07,K11,5,3,2073820.05,Lost,0,1,
T1433,2024-09-06,2024-10-14,R07,K11,4,3,1190227.27,Won,1,1,C0152
T1434,2024-12-31,2025-01-24,R08,K10,4,3,209562.17,Won,1,1,C0199
T1435,2025-09-25,2025-10-30,R01,K06,4,3,498332.74,Won,1,1,C0364
T1436,2024-08-13,2024-11-01,R06,K09,5,3,739490.5,Lost,0,1,
T1437,2025-02-13,2025-05-03,R06,K06,5,3,1354734.29,Lost,0,1,
T1438,2024-02-21,2024-04-09,R04,K12,5,3,229525.64,Lost,0,1,
T1439,2024-01-26,2024-03-06,R05,K05,5,3,969784.38,Lost,0,1,
T1440,2025-05-25,2025-08-06,R07,K09,5,1,508990.91,Lost,0,1,
T1441,2025-09-07,2025-10-02,R06,K03,4,3,932454.14,Won,1,1,C0354
T1442,2025-04-26,2025-05-29,R05,K12,5,3,341834.28,Lost,0,1,
T1443,2024-10-15,2024-12-28,R06,K01,5,3,635792.66,Lost,0,1,
T1444,2024-01-06,2024-03-14,R02,K01,5,3,123822.5,Lost,0,1,
T1445,2024-03-10,2024-05-16,R06,K12,5,3,710026.45,Lost,0,1,
T1446,2024-02-22,2024-05-08,R01,K09,4,3,374376.88,Won,1,1,C0050
T1447,2025-12-15,,R07,K05,3,3,1118004.7,In progress,0,0,
T1448,2025-12-28,2025-12-31,R05,K03,4,3,760420.99,Won,1,1,C0413
T1449,2025-10-18,,R08,K04,2,2,719165.05,In progress,0,0,
T1450,2024-08-21,2024-11-27,R01,K07,5,2,820940.12,Lost,0,1,
T1451,2024-03-15,2024-04-08,R06,K12,5,3,1096227.21,Lost,0,1,
T1452,2025-12-17,,R05,K08,3,3,532970.23,In progress,0,0,
T1453,2024-04-03,2024-06-07,R06,K01,4,3,1246336.07,Won,1,1,C0095
T1454,2024-04-11,2024-07-03,R01,K12,4,3,343829.72,Won,1,1,C0105
T1455,2025-09-01,2025-09-26,R06,K03,4,3,728266.79,Won,1,1,C0352
T1456,2025-01-08,2025-02-22,R02,K04,5,2,141419.16,Lost,0,1,
T1457,2025-01-19,2025-03-23,R03,K10,5,3,400142.97,Lost,0,1,
T1458,2024-05-31,2024-07-24,R05,K12,5,3,692685.31,Lost,0,1,
T1459,2025-04-29,2025-07-18,R06,K02,4,3,837708.75,Won,1,1,C0296
T1460,2025-07-11,2025-08-07,R02,K05,5,3,508172.95,Lost,0,1,
T1461,2024-11-19,2025-01-27,R03,K12,5,3,1082304.52,Lost,0,1,
T1462,2024-02-02,2024-02-26,R01,K10,5,3,587901.66,Lost,0,1,
T1463,2024-03-07,2024-05-16,R06,K07,5,3,1071556.85,Lost,0,1,
T1464,2025-10-04,2025-10-26,R01,K11,5,3,183728.57,Lost,0,1,
T1465,2024-04-10,2024-05-15,R08,K10,5,3,741367.05,Lost,0,1,
T1466,2024-01-10,2024-03-29,R04,K10,5,3,94255.64,Lost,0,1,
T1467,2025-11-15,,R06,K08,3,3,999219.98,In progress,0,0,
T1468,2024-11-23,2025-02-13,R06,K07,5,3,1030587.0,Lost,0,1,
T1469,2024-11-01,2025-02-06,R02,K11,4,3,365944.42,Won,1,1,C0176
T1470,2025-09-07,2025-11-02,R04,K12,5,3,373061.05,Lost,0,1,
T1471,2024-12-30,2025-03-09,R02,K08,4,3,282401.62,Won,1,1,C0198
T1472,2025-07-21,2025-08-27,R01,K01,4,3,257492.16,Won,1,1,C0333
T1473,2024-06-12,2024-08-30,R08,K02,5,1,436234.38,Lost,0,1,
T1474,2024-05-04,2024-05-28,R01,K10,5,3,255582.69,Lost,0,1,
T1475,2025-10-05,2025-11-11,R01,K08,4,3,696793.91,Won,1,1,C0370
T1476,2024-03-24,2024-05-23,R04,K01,4,3,432493.63,Won,1,1,C0089
T1477,2024-11-10,2024-12-25,R01,K12,4,3,486360.82,Won,1,1,C0180
T1478,2025-04-17,2025-05-19,R08,K09,5,3,409286.8,Lost,0,1,
T1479,2025-01-16,2025-02-06,R01,K09,5,3,373842.28,Lost,0,1,
T1480,2024-04-23,2024-07-18,R02,K11,5,2,379328.46,Lost,0,1,
T1481,2024-04-24,2024-07-29,R07,K09,5,3,991844.39,Lost,0,1,
T1482,2025-10-13,2025-12-02,R08,K12,4,3,1041726.47,Won,1,1,C0376
T1483,2025-02-19,2025-04-23,R02,K08,5,3,313996.15,Lost,0,1,
T1484,2025-02-20,2025-04-02,R06,K02,4,3,494647.84,Won,1,1,C0243
T1485,2025-11-11,2025-12-31,R06,K02,5,3,731891.24,Lost,0,1,
T1486,2025-05-11,2025-08-11,R08,K07,4,3,346977.62,Won,1,1,C0303
T1487,2025-10-02,2025-11-28,R01,K03,4,3,427889.04,Won,1,1,C0368
T1488,2025-11-23,,R03,K08,3,3,137635.62,In progress,0,0,
T1489,2025-03-13,2025-05-07,R01,K05,4,3,473831.74,Won,1,1,C0262
T1490,2024-02-25,2024-04-18,R02,K01,4,3,224068.23,Won,1,1,C0055
T1491,2024-11-26,2025-01-06,R08,K12,5,3,733853.89,Lost,0,1,
T1492,2025-12-22,,R01,K02,3,3,453361.05,In progress,0,0,
T1493,2024-07-28,2024-10-16,R08,K01,4,3,343809.17,Won,1,1,C0145
T1494,2025-10-04,2025-11-24,R05,K09,5,3,947275.73,Lost,0,1,
T1495,2024-01-24,2024-03-21,R07,K05,5,3,862753.06,Lost,0,1,
T1496,2025-11-11,,R06,K03,2,2,841921.2,In progress,0,0,
T1497,2024-11-28,2025-01-08,R05,K05,5,3,402924.77,Lost,0,1,
T1498,2024-09-22,2024-10-20,R07,K03,5,3,999997.15,Lost,0,1,
T1499,2025-06-09,2025-09-03,R02,K10,5,3,452803.69,Lost,0,1,
T1500,2025-03-26,2025-05-10,R03,K01,5,3,556709.14,Lost,0,1,
T1501,2025-08-10,2025-11-17,R05,K04,5,1,755186.6,Lost,0,1,
T1502,2025-05-28,2025-07-14,R02,K08,5,3,167142.96,Lost,0,1,
T1503,2024-01-08,2024-02-01,R02,K02,5,3,760662.09,Lost,0,1,
T1504,2025-03-27,2025-06-16,R05,K04,5,3,537048.01,Lost,0,1,
T1505,2024-09-09,2024-11-27,R01,K02,4,3,423598.89,Won,1,1,C0157
T1506,2024-06-29,2024-08-15,R04,K06,5,3,260325.11,Lost,0,1,
T1507,2024-03-22,2024-05-08,R08,K05,4,3,243051.11,Won,1,1,C0087
T1508,2025-08-28,2025-12-04,R06,K08,5,3,1029156.54,Lost,0,1,
T1509,2024-02-02,2024-03-25,R07,K04,5,3,508513.56,Lost,0,1,
T1510,2024-10-12,2024-11-20,R06,K09,5,3,1194544.29,Lost,0,1,
T1511,2025-11-25,2025-12-31,R06,K11,5,3,706004.42,Lost,0,1,
T1512,2025-02-17,2025-04-06,R05,K10,5,3,416755.41,Lost,0,1,
T1513,2024-11-25,2025-02-28,R05,K04,5,3,428053.14,Lost,0,1,
T1514,2025-03-04,2025-04-02,R02,K12,5,3,170734.97,Lost,0,1,
T1515,2025-04-20,2025-06-02,R06,K11,5,3,515402.77,Lost,0,1,
T1516,2025-01-02,2025-02-10,R07,K11,4,3,1119867.2,Won,1,1,C0203
T1517,2024-06-18,2024-08-20,R01,K02,5,3,512773.01,Lost,0,1,
T1518,2024-08-13,2024-09-17,R06,K02,5,3,1418346.49,Lost,0,1,
T1519,2024-11-07,2024-12-21,R01,K07,5,3,679234.04,Lost,0,1,
T1520,2024-10-25,2025-01-22,R06,K08,5,3,1252510.05,Lost,0,1,
T1521,2025-03-02,2025-06-09,R07,K12,5,2,480242.92,Lost,0,1,
T1522,2025-08-13,2025-09-14,R01,K10,5,3,172241.07,Lost,0,1,
T1523,2025-04-25,2025-07-11,R01,K05,5,3,340442.63,Lost,0,1,
T1524,2024-09-10,2024-12-04,R02,K09,5,3,395366.72,Lost,0,1,
T1525,2025-03-19,2025-05-21,R08,K02,5,3,213742.96,Lost,0,1,
T1526,2024-03-22,2024-06-13,R02,K11,5,3,748953.27,Lost,0,1,
T1527,2025-03-08,2025-05-28,R03,K09,5,3,293695.96,Lost,0,1,
T1528,2024-09-03,2024-09-24,R03,K06,5,3,420887.27,Lost,0,1,
T1529,2025-09-07,2025-11-29,R04,K03,4,3,398470.44,Won,1,1,C0355
T1530,2025-10-28,,R08,K07,3,3,334657.47,In progress,0,0,
T1531,2025-06-10,2025-09-17,R07,K02,4,3,771471.72,Won,1,1,C0318
T1532,2024-03-06,2024-04-09,R02,K10,5,3,270260.24,Lost,0,1,
T1533,2024-01-29,2024-04-20,R08,K04,4,3,714250.23,Won,1,1,C0027
T1534,2025-02-18,2025-05-24,R04,K04,5,3,474044.89,Lost,0,1,
T1535,2024-05-27,2024-08-24,R03,K03,5,3,364366.67,Lost,0,1,
T1536,2024-03-06,2024-05-07,R02,K10,5,3,238879.3,Lost,0,1,
T1537,2025-03-25,2025-06-27,R01,K08,5,3,196904.24,Lost,0,1,
T1538,2025-02-20,2025-05-25,R01,K11,4,3,748224.67,Won,1,1,C0244
T1539,2025-02-20,2025-04-22,R05,K10,5,3,820751.15,Lost,0,1,
T1540,2024-03-25,2024-06-22,R03,K11,5,3,342797.48,Lost,0,1,
T1541,2025-09-25,,R02,K10,2,2,439041.52,In progress,0,0,
T1542,2024-04-03,2024-06-22,R04,K02,4,3,360495.57,Won,1,1,C0096
T1543,2024-04-24,2024-07-21,R01,K01,4,3,466490.56,Won,1,1,C0116
T1544,2024-09-07,2024-10-05,R01,K05,4,3,352107.65,Won,1,1,C0154
T1545,2025-06-25,2025-08-13,R02,K11,5,3,495266.61,Lost,0,1,
T1546,2025-01-16,2025-04-02,R05,K12,5,3,2161903.63,Lost,0,1,
