contract_id,start_date_key,planned_end_key,end_date_key,region_id,contractor_id,status_id,contract_value,pct_complete,is_on_time
C0001,2024-02-08,2024-07-21,2024-07-21,R01,K11,2,633848.16,1.0,1
C0002,2024-04-29,2025-04-23,2025-04-23,R01,K04,2,1056344.1,1.0,1
C0003,2024-03-26,2024-12-31,2025-01-11,R08,K06,2,449567.89,1.0,0
C0004,2024-04-08,2025-01-01,2025-01-01,R03,K11,2,294049.32,1.0,1
C0005,2024-04-23,2025-04-17,2025-04-17,R03,K01,2,407217.38,1.0,1
C0006,2024-02-29,2024-07-19,2024-07-19,R03,K01,2,445442.49,1.0,1
C0007,2024-03-12,2024-05-24,2024-05-24,R01,K03,2,259477.93,1.0,1
C0008,2024-04-23,2024-11-09,2024-11-09,R07,K04,2,663564.5,1.0,1
C0009,2024-04-26,2024-10-14,2024-10-14,R01,K02,2,424125.9,1.0,1
C0010,2024-05-02,2024-10-02,2024-10-02,R05,K04,2,623818.92,1.0,1
C0011,2024-04-29,2024-07-01,2024-07-01,R04,K02,2,243959.83,1.0,1
C0012,2024-03-21,2025-03-07,2025-03-07,R02,K03,2,336650.53,1.0,1
C0013,2024-03-30,2024-09-07,2024-09-07,R06,K06,2,1824144.0,1.0,1
C0014,2024-04-13,2025-01-06,2025-01-06,R05,K10,2,444175.04,1.0,1
C0015,2024-03-27,2025-02-15,2025-02-15,R04,K06,2,312376.84,1.0,1
C0016,2024-05-16,2024-07-22,2024-07-22,R01,K05,2,796028.0,1.0,1
C0017,2024-03-24,2024-11-14,2025-01-06,R01,K03,2,207667.17,1.0,0
C0018,2024-04-07,2024-11-01,2024-12-27,R03,K01,2,1107788.53,1.0,0
C0019,2024-05-01,2024-10-07,2024-10-07,R05,K07,2,223699.25,1.0,1
C0020,2024-03-14,2024-05-26,2024-05-26,R02,K09,2,186378.97,1.0,1
C0021,2024-03-31,2024-11-27,2024-11-27,R01,K07,2,284720.75,1.0,1
C0022,2024-05-27,2025-01-26,2025-01-26,R08,K04,2,452296.65,1.0,1
C0023,2024-05-13,2025-05-06,2025-05-06,R02,K05,2,256329.33,1.0,1
C0024,2024-04-21,2024-08-20,2024-08-20,R03,K02,2,900561.79,1.0,1
C0025,2024-05-31,2024-12-17,2024-12-17,R03,K11,2,329140.94,1.0,1
C0026,2024-04-09,2024-11-08,2024-11-08,R03,K04,2,280835.62,1.0,1
C0027,2024-04-30,2024-10-29,2024-10-29,R08,K04,2,714250.23,1.0,1
C0028,2024-04-23,2024-12-25,2025-01-13,R08,K11,2,1333811.87,1.0,0
C0029,2024-04-05,2025-01-09,2025-01-09,R04,K06,2,458001.03,1.0,1
C0030,2024-06-11,2025-06-02,2025-06-02,R06,K01,2,1002665.51,1.0,1
C0031,2024-05-26,2024-07-29,2024-09-08,R04,K02,2,212860.3,1.0,0
C0032,2024-05-31,2025-03-26,2025-03-26,R03,K10,2,152096.26,1.0,1
C0033,2024-05-09,2025-02-09,2025-03-01,R05,K08,2,436348.33,1.0,0
C0034,2024-05-22,2025-03-20,2025-03-20,R06,K09,2,871374.74,1.0,1
C0035,2024-03-18,2024-10-19,2024-10-19,R05,K02,2,725688.09,1.0,1
C0036,2024-05-29,2025-01-20,2025-01-20,R02,K09,2,1560535.59,1.0,1
C0037,2024-05-29,2025-05-08,2025-05-08,R04,K03,2,78782.6,1.0,1
C0038,2024-05-19,2024-11-13,2024-12-05,R08,K08,2,885501.88,1.0,0
C0039,2024-06-19,2025-04-23,2025-04-23,R04,K06,2,375309.99,1.0,1
C0040,2024-05-05,2025-05-03,2025-05-03,R05,K12,2,418184.44,1.0,1
C0041,2024-06-06,2025-01-13,2025-02-20,R01,K02,2,593221.83,1.0,0
C0042,2024-05-14,2024-11-22,2024-11-22,R01,K04,2,342327.25,1.0,1
C0043,2024-05-24,2024-11-17,2024-11-17,R04,K01,2,445495.58,1.0,1
C0044,2024-06-20,2025-04-26,2025-04-26,R04,K03,2,264396.1,1.0,1
C0045,2024-04-03,2024-08-26,2024-08-26,R06,K03,2,1600031.71,1.0,1
C0046,2024-04-18,2024-09-03,2024-09-03,R04,K04,2,437739.88,1.0,1
C0047,2024-06-14,2025-05-18,2025-05-18,R04,K08,2,258414.3,1.0,1
C0048,2024-06-18,2025-06-04,2025-06-04,R02,K10,2,787507.35,1.0,1
C0049,2024-05-17,2024-10-18,2024-10-18,R02,K07,2,1184152.28,1.0,1
C0050,2024-06-06,2024-12-15,2024-12-15,R01,K09,2,374376.88,1.0,1
C0051,2024-06-04,2025-04-24,2025-04-24,R07,K08,2,427661.38,1.0,1
C0052,2024-05-09,2024-10-11,2024-10-11,R05,K02,2,364471.16,1.0,1
C0053,2024-04-09,2024-08-14,2024-08-14,R02,K08,2,251762.85,1.0,1
C0054,2024-06-28,2025-06-22,2025-06-22,R01,K04,2,154791.75,1.0,1
C0055,2024-05-19,2024-12-09,2024-12-09,R02,K01,2,224068.23,1.0,1
C0056,2024-07-12,2025-05-16,2025-05-16,R06,K03,2,1110183.11,1.0,1
C0057,2024-05-03,2025-02-08,2025-02-08,R05,K03,2,368145.15,1.0,1
C0058,2024-06-06,2025-01-07,2025-01-07,R04,K01,2,220507.9,1.0,1
C0059,2024-06-19,2024-11-22,2024-11-22,R04,K08,2,947580.77,1.0,1
C0060,2024-05-27,2025-05-07,2025-05-07,R08,K04,2,354906.29,1.0,1
C0061,2024-05-14,2025-01-15,2025-01-15,R02,K01,2,192548.47,1.0,1
C0062,2024-05-02,2024-12-12,2024-12-12,R03,K07,2,215899.25,1.0,1
C0063,2024-05-29,2025-05-13,2025-05-13,R03,K07,2,726306.78,1.0,1
C0064,2024-04-04,2024-07-08,2024-07-08,R02,K01,2,355337.75,1.0,1
C0065,2024-05-31,2024-08-02,2024-10-08,R05,K04,2,183087.46,1.0,0
C0066,2024-06-03,2024-08-03,2024-08-03,R07,K01,2,1108987.37,1.0,1
C0067,2024-06-27,2025-02-03,2025-02-03,R04,K12,2,305884.71,1.0,1
C0068,2024-05-02,2025-02-14,2025-02-14,R01,K11,2,910579.83,1.0,1
C0069,2024-06-26,2025-06-02,2025-06-02,R08,K04,2,442269.54,1.0,1
C0070,2024-07-09,2025-04-03,2025-04-03,R02,K07,2,319400.05,1.0,1
C0071,2024-05-29,2024-12-24,2025-03-01,R02,K10,2,602854.54,1.0,0
C0072,2024-06-17,2025-02-10,2025-02-10,R03,K09,2,459781.29,1.0,1
C0073,2024-05-01,2025-02-01,2025-02-01,R02,K02,2,620598.81,1.0,1
C0074,2024-06-24,2025-01-07,2025-01-07,R01,K07,2,160035.79,1.0,1
C0075,2024-06-23,2025-01-30,2025-02-14,R04,K04,2,589344.39,1.0,0
C0076,2024-06-23,2024-12-27,2025-01-26,R03,K05,2,203683.28,1.0,0
C0077,2024-04-18,2024-10-31,2024-10-31,R03,K06,2,331565.53,1.0,1
C0078,2024-07-13,2024-09-25,2024-09-25,R06,K03,2,225749.34,1.0,1
C0079,2024-07-17,2024-12-31,2024-12-31,R07,K02,2,1038326.93,1.0,1
C0080,2024-06-17,2024-11-13,2024-11-13,R05,K01,2,460152.27,1.0,1
C0081,2024-06-09,2024-12-22,2024-12-22,R02,K03,2,331934.86,1.0,1
C0082,2024-05-25,2024-07-27,2024-07-27,R08,K12,2,474462.5,1.0,1
C0083,2024-07-15,2024-09-15,2024-09-15,R01,K02,2,101539.1,1.0,1
C0084,2024-05-19,2024-11-20,2024-11-20,R03,K10,2,276153.89,1.0,1
C0085,2024-07-22,2025-04-25,2025-04-25,R07,K09,2,1172177.74,1.0,1
C0086,2024-05-18,2025-01-02,2025-01-02,R08,K01,2,445419.16,1.0,1
C0087,2024-05-19,2024-07-19,2024-07-19,R08,K05,2,243051.11,1.0,1
C0088,2024-06-25,2025-01-14,2025-01-14,R02,K04,2,295586.08,1.0,1
C0089,2024-06-08,2024-11-22,2024-11-22,R04,K01,2,432493.63,1.0,1
C0090,2024-06-09,2025-01-03,2025-01-03,R03,K05,2,527047.75,1.0,1
C0091,2024-05-21,2024-12-01,2025-01-18,R02,K12,2,179201.37,1.0,0
C0092,2024-06-11,2024-11-05,2024-11-05,R01,K02,2,819650.03,1.0,1
C0093,2024-06-22,2025-04-23,2025-04-23,R08,K11,2,571350.8,1.0,1
C0094,2024-05-29,2025-01-25,2025-01-25,R02,K11,2,1225337.33,1.0,1
C0095,2024-07-12,2025-05-18,2025-05-18,R06,K01,2,1246336.07,1.0,1
C0096,2024-07-22,2025-04-03,2025-04-03,R04,K02,2,360495.57,1.0,1
C0097,2024-06-23,2025-01-13,2025-01-13,R08,K03,2,294130.79,1.0,1
C0098,2024-06-16,2025-03-31,2025-03-31,R04,K03,2,298311.68,1.0,1
C0099,2024-06-20,2025-04-27,2025-04-27,R01,K05,2,356103.26,1.0,1
C0100,2024-06-19,2025-05-30,2025-05-30,R04,K11,2,606357.34,1.0,1
C0101,2024-07-18,2025-07-02,2025-07-02,R07,K01,2,1785225.77,1.0,1
C0102,2024-06-10,2024-11-07,2024-11-07,R03,K12,2,144249.81,1.0,1
C0103,2024-05-17,2025-03-24,2025-03-24,R07,K08,2,231701.08,1.0,1
C0104,2024-05-11,2025-04-07,2025-04-07,R01,K06,2,528273.68,1.0,1
C0105,2024-07-11,2025-02-06,2025-02-06,R01,K12,2,343829.72,1.0,1
C0106,2024-07-01,2025-04-05,2025-04-05,R01,K03,2,230025.38,1.0,1
C0107,2024-06-26,2024-11-21,2024-11-21,R01,K06,2,188686.13,1.0,1
C0108,2024-06-06,2025-02-04,2025-02-04,R06,K03,2,1873896.98,1.0,1
C0109,2024-05-30,2025-01-20,2025-01-20,R01,K02,2,674822.26,1.0,1
C0110,2024-06-26,2025-05-06,2025-05-06,R04,K02,2,270188.09,1.0,1
C0111,2024-08-07,2025-01-24,2025-01-24,R06,K06,2,1007130.28,1.0,1
C0112,2024-08-26,2025-03-17,2025-03-17,R04,K06,2,333482.38,1.0,1
C0113,2024-06-16,2024-12-04,2024-12-04,R07,K10,2,466971.89,1.0,1
C0114,2024-07-16,2025-04-24,2025-04-24,R08,K01,2,316464.83,1.0,1
C0115,2024-08-19,2025-02-19,2025-02-19,R01,K08,2,195809.04,1.0,1
C0116,2024-08-12,2024-10-20,2024-10-20,R01,K01,2,466490.56,1.0,1
C0117,2024-09-04,2025-05-14,2025-05-14,R05,K03,2,310132.67,1.0,1
C0118,2024-07-21,2025-06-26,2025-06-26,R04,K06,2,143999.5,1.0,1
C0119,2024-08-16,2025-02-23,2025-02-23,R07,K06,2,928399.5,1.0,1
C0120,2024-07-16,2025-01-24,2025-01-24,R01,K07,2,317498.48,1.0,1
C0121,2024-08-10,2025-07-10,2025-07-10,R08,K08,2,558468.93,1.0,1
C0122,2024-08-22,2024-12-07,2024-12-07,R03,K05,2,239739.84,1.0,1
C0123,2024-07-31,2025-05-11,2025-05-11,R08,K02,2,1869147.52,1.0,1
C0124,2024-07-29,2024-11-17,2024-12-17,R03,K12,2,610622.53,1.0,0
C0125,2024-07-18,2024-09-16,2024-09-16,R05,K01,2,884689.47,1.0,1
C0126,2024-10-05,2025-09-13,2025-09-13,R02,K03,2,265742.88,1.0,1
C0127,2024-09-21,2025-05-19,2025-05-19,R01,K03,2,622701.19,1.0,1
C0128,2024-08-08,2024-11-12,2024-11-12,R06,K10,2,364369.87,1.0,1
C0129,2024-09-17,2025-07-08,2025-07-08,R03,K12,2,240909.85,1.0,1
C0130,2024-07-24,2024-09-22,2024-09-22,R04,K02,2,438770.28,1.0,1
C0131,2024-10-11,2025-04-12,2025-04-12,R05,K02,2,712787.91,1.0,1
C0132,2024-07-20,2025-03-12,2025-03-12,R04,K04,2,531070.65,1.0,1
C0133,2024-09-05,2025-06-27,2025-06-27,R06,K03,2,391349.49,1.0,1
C0134,2024-10-19,2025-02-03,2025-02-03,R01,K01,2,493984.52,1.0,1
C0135,2024-08-24,2024-11-12,2024-11-12,R06,K02,2,1331102.03,1.0,1
C0136,2024-09-22,2025-05-11,2025-05-11,R03,K01,2,204696.74,1.0,1
C0137,2024-07-24,2024-10-14,2024-10-14,R04,K03,2,298350.38,1.0,1
C0138,2024-11-02,2025-01-09,2025-01-09,R08,K01,2,466521.35,1.0,1
C0139,2024-11-05,2025-05-05,2025-05-05,R05,K01,2,679773.51,1.0,1
C0140,2024-11-13,2025-07-18,2025-07-18,R03,K03,2,202230.18,1.0,1
C0141,2024-09-25,2025-07-03,2025-07-03,R04,K11,2,568044.49,1.0,1
C0142,2024-10-13,2025-01-17,2025-01-17,R02,K08,2,128126.33,1.0,1
C0143,2024-09-13,2025-07-03,2025-07-03,R02,K03,2,462670.37,1.0,1
C0144,2024-11-24,2025-07-06,2025-07-06,R08,K06,2,854759.14,1.0,1
C0145,2024-11-11,2025-09-03,2025-10-29,R08,K01,2,343809.17,1.0,0
C0146,2024-10-22,2025-06-25,2025-06-25,R03,K05,2,573251.03,1.0,1
C0147,2024-10-26,2025-07-15,2025-09-08,R04,K06,2,205478.99,1.0,0
C0148,2024-11-03,2025-06-20,2025-06-20,R03,K08,2,454118.19,1.0,1
C0149,2024-10-31,2025-04-27,2025-04-27,R06,K02,2,521003.69,1.0,1
C0150,2024-09-29,2025-09-19,2025-09-19,R06,K04,2,1254361.66,1.0,1
C0151,2024-12-08,2025-08-18,2025-08-18,R01,K01,2,451561.48,1.0,1
C0152,2024-11-04,2025-06-12,2025-06-12,R07,K11,2,1190227.27,1.0,1
C0153,2024-11-28,2025-05-13,2025-05-13,R01,K01,2,414144.24,1.0,1
C0154,2024-11-07,2025-06-03,2025-06-03,R01,K05,2,352107.65,1.0,1
C0155,2024-10-25,2025-09-25,2025-09-25,R07,K08,2,742907.52,1.0,1
C0156,2024-11-21,2025-06-19,2025-06-19,R06,K12,2,722781.85,1.0,1
C0157,2024-12-13,2025-07-14,2025-07-14,R01,K02,2,423598.89,1.0,1
C0158,2024-11-21,2025-09-05,2025-09-05,R05,K07,2,365526.52,1.0,1
C0159,2024-12-12,2025-07-19,2025-07-19,R03,K07,2,659742.79,1.0,1
C0160,2024-12-05,2025-10-29,2025-10-29,R04,K01,2,60000.0,1.0,1
C0161,2024-11-15,2025-05-25,2025-05-25,R05,K02,2,373435.95,1.0,1
C0162,2025-01-12,2025-09-20,2025-09-20,R04,K01,2,144891.19,1.0,1
C0163,2025-01-24,2025-06-02,2025-06-02,R05,K04,2,561271.92,1.0,1
C0164,2024-12-06,2025-04-08,2025-04-08,R01,K03,2,195647.61,1.0,1
C0165,2025-01-31,2025-12-07,2025-12-07,R07,K01,2,1322450.66,1.0,1
C0166,2025-01-21,2025-06-03,2025-06-03,R08,K02,2,504140.84,1.0,1
C0167,2025-01-28,2025-12-28,2025-12-28,R06,K12,2,2167786.83,1.0,1
C0168,2024-11-25,2025-04-06,2025-04-06,R05,K07,2,277281.27,1.0,1
C0169,2024-12-18,2025-07-06,2025-07-06,R03,K02,2,344586.23,1.0,1
C0170,2025-01-18,2025-06-08,2025-07-03,R01,K12,2,265709.14,1.0,0
C0171,2025-02-16,2025-08-15,2025-08-15,R01,K03,2,584919.1,1.0,1
C0172,2025-01-31,2025-05-14,2025-05-14,R03,K06,2,392928.15,1.0,1
C0173,2025-01-01,2025-08-18,2025-08-18,R01,K04,2,783003.06,1.0,1
C0174,2025-01-30,2025-10-10,2025-10-10,R01,K01,2,613743.49,1.0,1
C0175,2025-02-28,2025-12-15,2025-12-15,R03,K06,2,553708.83,1.0,1
C0176,2025-02-21,2025-12-16,2025-12-16,R02,K11,2,365944.42,1.0,1
C0177,2025-02-16,2025-12-29,2025-12-29,R04,K08,2,425569.33,1.0,1
C0178,2025-01-20,2025-11-03,2025-11-03,R01,K01,2,791772.99,1.0,1
C0179,2025-01-28,2025-09-07,2025-09-07,R08,K02,2,622931.44,1.0,1
C0180,2025-01-23,2025-06-01,2025-06-01,R01,K12,2,486360.82,1.0,1
C0181,2025-03-15,2025-12-31,2025-12-31,R05,K05,2,636021.78,1.0,1
C0182,2025-02-03,2025-12-31,2025-12-31,R08,K03,2,515665.15,1.0,1
C0183,2025-01-10,2025-08-17,2025-08-17,R05,K06,2,729083.82,1.0,1
C0184,2025-02-14,2025-07-07,2025-07-07,R04,K05,2,192755.84,1.0,1
C0185,2025-03-16,2025-07-13,2025-07-13,R04,K01,2,414889.82,1.0,1
C0186,2025-02-21,2025-12-31,2025-12-31,R03,K10,2,501364.9,1.0,0
C0187,2025-03-11,2025-10-04,2025-10-04,R08,K05,2,1362889.81,1.0,1
C0188,2025-04-04,2025-08-17,2025-08-17,R01,K01,2,990323.73,1.0,1
C0189,2025-03-03,2025-12-16,2025-12-16,R06,K01,2,642894.73,1.0,1
C0190,2025-01-15,2025-07-13,2025-07-13,R01,K06,2,256837.35,1.0,1
C0191,2025-04-09,2025-09-02,2025-09-02,R04,K09,2,416497.8,1.0,1
C0192,2025-01-26,2025-09-07,2025-09-07,R05,K02,2,1188190.72,1.0,1
C0193,2025-04-03,2025-10-14,2025-10-14,R01,K01,2,183817.0,1.0,1
C0194,2025-04-09,2025-06-14,2025-08-11,R04,K09,2,551035.61,1.0,0
C0195,2025-05-05,2025-10-17,2025-10-17,R08,K03,2,468314.39,1.0,1
C0196,2025-03-16,2025-12-31,2025-12-31,R08,K03,2,779692.55,1.0,1
C0197,2025-02-12,2025-12-31,2025-12-31,R02,K04,2,157849.63,1.0,1
C0198,2025-03-17,2025-06-01,2025-06-01,R02,K08,2,282401.62,1.0,1
C0199,2025-03-07,2025-12-31,2025-12-31,R08,K10,2,209562.17,1.0,0
C0200,2025-05-17,2025-12-31,2025-12-31,R08,K03,2,615170.08,1.0,1
C0201,2025-03-01,2025-06-20,2025-06-20,R01,K03,2,1196316.0,1.0,1
C0202,2025-02-26,2025-12-31,2025-12-31,R03,K02,2,674285.36,1.0,1
C0203,2025-03-14,2025-05-17,2025-05-17,R07,K11,2,1119867.2,1.0,1
C0204,2025-03-16,2025-11-14,2025-12-27,R02,K06,2,244870.33,1.0,0
C0205,2025-03-09,2025-07-17,2025-08-09,R03,K06,2,359318.39,1.0,0
C0206,2025-02-10,2025-12-31,2025-12-31,R08,K05,2,751227.65,1.0,0
C0207,2025-04-30,2025-12-31,2025-12-31,R01,K07,2,234552.69,1.0,1
C0208,2025-03-21,2025-12-31,2025-12-31,R05,K07,2,247147.33,1.0,1
C0209,2025-03-26,2025-07-18,2025-08-07,R04,K08,2,389512.98,1.0,0
C0210,2025-04-24,2025-11-18,2025-11-18,R05,K06,2,310198.17,1.0,1
C0211,2025-04-01,2025-12-31,2025-12-31,R02,K05,2,176868.2,1.0,0
C0212,2025-03-24,2025-11-26,2025-12-31,R02,K09,2,198598.97,1.0,0
C0213,2025-04-23,2025-10-07,2025-10-07,R01,K04,2,140330.68,1.0,1
C0214,2025-03-26,2025-07-27,2025-08-17,R04,K02,2,324135.72,1.0,0
C0215,2025-04-14,2025-12-31,2025-12-31,R08,K03,2,311813.35,1.0,1
C0216,2025-05-24,2025-12-31,2025-12-31,R03,K04,2,330671.43,1.0,1
C0217,2025-04-29,2025-12-31,2025-12-31,R01,K02,2,200699.35,1.0,1
C0218,2025-05-11,2025-12-31,2025-12-31,R04,K08,2,216887.74,1.0,1
C0219,2025-03-05,2025-12-31,2025-12-31,R06,K10,2,1887973.54,1.0,1
C0220,2025-04-26,2025-11-15,2025-11-15,R08,K06,2,364238.72,1.0,1
C0221,2025-06-17,2025-12-31,2025-12-31,R07,K02,2,1047634.35,1.0,1
C0222,2025-04-14,2025-12-31,2025-12-31,R07,K06,2,1185646.18,1.0,0
C0223,2025-04-09,2025-12-31,2025-12-31,R06,K02,2,1039918.63,1.0,1
C0224,2025-05-06,2025-10-08,2025-10-08,R03,K10,2,172823.97,1.0,1
C0225,2025-06-14,2025-12-13,2025-12-13,R04,K01,2,132974.96,1.0,1
C0226,2025-04-15,2025-08-27,2025-08-27,R05,K03,2,815414.49,1.0,1
C0227,2025-03-29,2025-12-31,2025-12-31,R03,K01,2,499357.37,1.0,1
C0228,2025-04-06,2025-08-08,2025-10-10,R02,K04,2,336461.23,1.0,0
C0229,2025-04-05,2025-06-15,2025-06-15,R04,K05,2,401773.19,1.0,1
C0230,2025-05-19,2025-12-31,2025-12-31,R04,K01,2,499136.84,1.0,1
C0231,2025-04-13,2025-07-30,2025-07-30,R08,K10,2,907952.68,1.0,1
C0232,2025-04-13,2025-06-20,2025-08-19,R02,K10,2,307539.46,1.0,0
C0233,2025-05-28,2025-08-15,2025-08-15,R08,K01,2,194461.83,1.0,1
C0234,2025-05-10,2025-12-31,2025-12-31,R07,K11,2,782164.96,1.0,0
C0235,2025-05-23,2025-12-31,2025-12-31,R01,K06,2,357122.86,1.0,1
C0236,2025-05-14,2025-09-04,2025-09-04,R04,K02,2,785831.42,1.0,1
C0237,2025-04-25,2025-12-31,2025-12-31,R03,K10,2,342323.27,1.0,1
C0238,2025-04-09,2025-12-31,2025-12-31,R05,K02,2,352327.19,1.0,1
C0239,2025-04-26,2025-09-21,2025-09-21,R07,K07,2,993501.79,1.0,1
C0240,2025-03-25,2025-12-31,2025-12-31,R03,K06,2,334568.69,1.0,0
C0241,2025-04-05,2025-10-18,2025-10-18,R08,K02,2,764879.48,1.0,1
C0242,2025-05-29,2025-12-31,2025-12-31,R03,K06,2,303508.29,1.0,1
C0243,2025-04-10,2025-09-27,2025-09-27,R06,K02,2,494647.84,1.0,1
C0244,2025-07-05,2025-09-03,2025-09-03,R01,K11,2,748224.67,1.0,1
C0245,2025-05-17,2025-12-31,2025-12-31,R05,K07,2,396345.12,1.0,1
C0246,2025-05-16,2025-12-31,2025-12-31,R01,K05,2,707606.83,1.0,0
C0247,2025-05-31,2025-12-31,2025-12-31,R05,K03,2,816581.77,1.0,1
C0248,2025-04-08,2025-09-05,2025-10-31,R05,K04,2,313282.18,1.0,0
C0249,2025-06-09,2025-12-31,2025-12-31,R04,K01,2,241463.76,1.0,1
C0250,2025-04-29,2025-12-19,2025-12-19,R01,K09,2,802925.01,1.0,1
C0251,2025-05-19,2025-08-13,2025-08-13,R07,K02,2,783800.79,1.0,1
C0252,2025-06-19,2025-10-03,2025-10-03,R07,K03,2,1559585.43,1.0,1
C0253,2025-05-13,2025-12-31,2025-12-31,R03,K02,2,615228.74,1.0,1
C0254,2025-07-12,2025-09-28,2025-09-28,R02,K01,2,320587.83,1.0,1
C0255,2025-06-15,2025-12-31,2025-12-31,R03,K09,2,906281.36,1.0,0
C0256,2025-06-03,2025-12-31,2025-12-31,R02,K01,2,492470.82,1.0,1
C0257,2025-05-29,2025-10-13,2025-10-13,R05,K04,2,286552.9,1.0,1
C0258,2025-05-04,2025-12-31,2025-12-31,R01,K03,2,343421.15,1.0,1
C0259,2025-06-03,2025-12-31,2025-12-31,R04,K02,2,305303.49,1.0,1
C0260,2025-06-03,2025-11-18,2025-11-18,R08,K03,2,580018.8,1.0,1
C0261,2025-04-28,2025-09-10,2025-09-10,R05,K12,2,1524335.87,1.0,1
C0262,2025-06-13,2025-12-31,2025-12-31,R01,K05,2,473831.74,1.0,0
C0263,2025-05-21,2025-12-31,2025-12-31,R06,K02,2,535141.6,1.0,1
C0264,2025-07-15,2025-12-31,2025-12-31,R07,K02,2,1402794.52,1.0,0
C0265,2025-07-04,2025-12-19,2025-12-19,R03,K11,2,211424.3,1.0,1
C0266,2025-06-03,2025-12-31,2025-12-31,R07,K03,2,1395794.06,1.0,1
C0267,2025-07-03,2025-10-17,2025-10-17,R02,K06,2,378260.86,1.0,1
C0268,2025-06-15,2025-10-13,2025-11-14,R07,K10,2,462643.95,1.0,0
C0269,2025-06-30,2025-12-31,2025-12-31,R03,K10,2,172933.53,1.0,1
C0270,2025-07-03,2025-12-01,2025-12-01,R03,K10,2,179879.62,1.0,1
C0271,2025-06-29,2025-12-31,2025-12-31,R08,K09,2,238031.48,1.0,1
C0272,2025-07-06,2025-12-31,2025-12-31,R01,K01,2,217333.1,1.0,1
C0273,2025-07-26,2025-12-31,2025-12-31,R01,K01,2,682916.12,1.0,1
C0274,2025-06-29,2025-12-31,2025-12-31,R01,K07,2,623071.72,1.0,0
C0275,2025-06-04,2025-08-20,2025-08-20,R07,K04,2,365476.64,1.0,1
C0276,2025-07-13,2025-12-31,2025-12-31,R04,K05,2,358025.1,1.0,0
C0277,2025-05-29,2025-08-31,2025-08-31,R01,K04,2,603895.08,1.0,1
C0278,2025-06-10,2025-08-20,2025-08-20,R02,K12,2,195743.28,1.0,1
C0279,2025-08-03,2025-12-31,2025-12-31,R02,K02,2,987291.5,1.0,1
C0280,2025-06-03,2025-12-31,2025-12-31,R04,K09,2,290589.33,1.0,1
C0281,2025-05-28,2025-12-11,2025-12-31,R01,K07,2,294725.81,1.0,0
C0282,2025-05-16,2025-10-10,2025-10-10,R01,K11,2,694589.07,1.0,1
C0283,2025-06-09,2025-08-29,2025-08-29,R08,K01,2,1568126.35,1.0,1
C0284,2025-06-28,2025-12-31,2025-12-31,R02,K07,2,323727.43,1.0,1
C0285,2025-06-01,2025-12-31,2025-12-31,R01,K07,2,273690.47,1.0,1
C0286,2025-08-05,2025-12-31,2025-12-31,R03,K03,2,564063.22,1.0,1
C0287,2025-05-24,2025-12-31,2025-12-31,R06,K08,2,349907.42,1.0,1
C0288,2025-05-31,2025-12-31,2025-12-31,R02,K03,2,431229.78,1.0,1
C0289,2025-06-16,2025-12-31,2025-12-31,R02,K06,2,259067.24,1.0,0
C0290,2025-06-16,2025-08-29,2025-08-29,R04,K05,2,356694.44,1.0,1
C0291,2025-06-28,2025-10-03,2025-10-03,R02,K03,2,332484.89,1.0,1
C0292,2025-08-07,2025-12-31,2025-12-31,R06,K12,2,494465.15,1.0,1
C0293,2025-06-15,2025-08-28,2025-08-28,R07,K11,2,1069795.47,1.0,1
C0294,2025-07-20,2025-12-31,2025-12-31,R03,K01,2,703267.47,1.0,1
C0295,2025-08-03,2025-12-31,2025-12-31,R08,K11,2,385635.63,1.0,1
C0296,2025-08-03,2025-12-31,2025-12-31,R06,K02,2,837708.75,1.0,1
C0297,2025-07-23,2025-12-31,2025-12-31,R08,K03,2,484098.69,1.0,1
C0298,2025-06-20,2025-12-31,2025-12-31,R02,K04,2,205220.12,1.0,1
C0299,2025-08-26,2025-12-31,2025-12-31,R04,K02,2,472722.54,1.0,1
C0300,2025-07-11,2025-11-27,2025-11-27,R04,K03,2,244435.07,1.0,1
C0301,2025-07-08,2025-12-31,2025-12-31,R08,K10,2,446283.06,1.0,0
C0302,2025-09-01,2025-12-29,2025-12-29,R05,K05,2,410035.92,1.0,1
C0303,2025-09-14,2025-12-31,2025-12-31,R08,K07,2,346977.62,1.0,1
C0304,2025-08-18,2025-12-31,2025-12-31,R04,K04,2,395914.03,1.0,1
C0305,2025-08-25,2025-10-29,2025-10-29,R08,K02,2,631370.46,1.0,1
C0306,2025-07-27,2025-12-31,2025-12-31,R01,K03,2,937269.74,1.0,1
C0307,2025-09-03,2025-12-31,2025-12-31,R01,K01,2,369789.92,1.0,1
C0308,2025-07-24,2025-12-04,2025-12-04,R01,K03,2,381172.65,1.0,1
C0309,2025-07-30,2025-12-15,2025-12-31,R03,K02,2,323617.0,1.0,0
C0310,2025-07-22,2025-12-31,2025-12-31,R04,K01,2,563848.46,1.0,1
C0311,2025-09-12,2025-12-31,2025-12-31,R05,K03,2,237853.67,1.0,1
C0312,2025-10-14,2025-12-31,2025-12-31,R03,K09,2,626277.53,1.0,0
C0313,2025-08-24,2025-12-31,2025-12-31,R03,K08,2,180930.07,1.0,1
C0314,2025-09-26,2025-12-31,2025-12-31,R02,K07,2,674054.7,1.0,1
C0315,2025-09-13,2025-12-31,2025-12-31,R04,K10,2,316568.95,1.0,0
C0316,2025-07-29,2025-12-31,2025-12-31,R08,K06,2,1134783.08,1.0,1
C0317,2025-09-15,2025-12-31,2025-12-31,R04,K03,2,1100071.97,1.0,1
C0318,2025-09-24,2025-12-31,2025-12-31,R07,K02,2,771471.72,1.0,0
C0319,2025-07-16,2025-12-30,2025-12-30,R03,K01,2,274827.96,1.0,1
C0320,2025-09-17,2025-12-31,2025-12-31,R03,K03,2,392469.92,1.0,1
C0321,2025-09-19,2025-11-28,2025-11-28,R05,K12,2,540862.9,1.0,1
C0322,2025-09-10,2025-12-31,2025-12-31,R04,K02,2,550315.0,1.0,1
C0323,2025-08-30,2025-12-31,2025-12-31,R08,K03,2,858616.55,1.0,1
C0324,2025-10-04,2025-12-31,2025-12-31,R02,K04,2,1143486.68,1.0,1
C0325,2025-08-09,2025-12-26,2025-12-26,R01,K01,2,733283.31,1.0,1
C0326,2025-08-31,2025-12-31,2025-12-31,R03,K01,2,513355.46,1.0,1
C0327,2025-09-26,2025-12-31,2025-12-31,R01,K03,2,292376.39,1.0,1
C0328,2025-10-09,2025-12-31,2025-12-31,R07,K10,2,1301089.27,1.0,1
C0329,2025-10-28,2025-12-31,2025-12-31,R02,K07,2,376887.52,1.0,1
C0330,2025-09-27,2025-12-31,2025-12-31,R02,K11,2,1248084.59,1.0,1
C0331,2025-10-07,2025-12-31,2025-12-31,R03,K07,2,428924.28,1.0,1
C0332,2025-09-02,2025-12-14,2025-12-14,R01,K02,2,478435.76,1.0,1
C0333,2025-09-29,2025-12-31,2025-12-31,R01,K01,2,257492.16,1.0,1
C0334,2025-09-22,2025-12-31,2025-12-31,R04,K04,2,418718.78,1.0,1
C0335,2025-11-29,2025-12-31,2025-12-31,R04,K02,2,911199.16,1.0,1
C0336,2025-10-13,2025-12-31,2025-12-31,R01,K02,2,366046.78,1.0,1
C0337,2025-11-03,2025-12-31,2025-12-31,R05,K05,2,154368.27,1.0,1
C0338,2025-11-02,2025-12-31,2025-12-31,R01,K11,2,170201.89,1.0,1
C0339,2025-11-12,2025-12-31,2025-12-31,R03,K09,2,624792.58,1.0,0
C0340,2025-11-27,2025-12-31,2025-12-31,R08,K01,2,326923.46,1.0,1
C0341,2025-10-30,2025-12-31,2025-12-31,R02,K07,2,348111.16,1.0,1
C0342,2025-09-20,2025-12-31,2025-12-31,R01,K09,2,485629.64,1.0,1
C0343,2025-12-09,2025-12-31,2025-12-31,R08,K02,2,678031.58,1.0,1
C0344,2025-10-31,2025-12-31,2025-12-31,R01,K01,2,548752.78,1.0,1
C0345,2025-10-13,2025-12-31,2025-12-31,R04,K08,2,503129.02,1.0,1
C0346,2025-11-30,2025-12-31,2025-12-31,R01,K02,2,459270.63,1.0,1
C0347,2025-11-11,2025-12-31,2025-12-31,R05,K03,2,405887.5,1.0,0
C0348,2025-11-12,2025-12-31,2025-12-31,R07,K08,2,1093352.67,1.0,1
C0349,2025-12-21,2025-12-31,2025-12-31,R01,K10,2,327262.61,1.0,1
C0350,2025-12-24,2025-12-31,2025-12-31,R08,K04,2,514177.98,1.0,0
C0351,2025-12-28,2025-12-31,2025-12-31,R06,K11,2,647942.5,1.0,1
C0352,2025-10-25,2025-12-31,2025-12-31,R06,K03,2,728266.79,1.0,1
C0353,2025-11-13,2025-12-31,2025-12-31,R02,K02,2,481855.29,1.0,1
C0354,2025-11-11,2025-12-31,2025-12-31,R06,K03,2,932454.14,1.0,1
C0355,2025-12-08,2025-12-31,2025-12-31,R04,K03,2,398470.44,1.0,1
C0356,2025-11-24,2025-12-31,2025-12-31,R01,K06,2,307385.83,1.0,1
C0357,2025-12-20,2025-12-31,2025-12-31,R04,K05,2,233983.4,1.0,1
C0358,2025-11-25,2025-12-31,2025-12-31,R06,K06,2,1028709.09,1.0,1
C0359,2025-12-31,2025-12-31,,R03,K06,3,368510.7,0.031,1
C0360,2025-11-17,2025-12-31,2025-12-31,R01,K03,2,251891.37,1.0,1
C0361,2025-11-08,2025-12-31,2025-12-31,R01,K02,2,731014.74,1.0,1
C0362,2025-12-26,2025-12-31,2025-12-31,R08,K07,2,1219115.87,1.0,0
C0363,2025-11-16,2025-12-31,2025-12-31,R07,K02,2,561430.36,1.0,1
C0364,2025-11-25,2025-12-31,2025-12-31,R01,K06,2,498332.74,1.0,1
C0365,2025-11-09,2025-12-31,2025-12-31,R03,K06,2,227586.29,1.0,1
C0366,2025-11-10,2025-12-31,2025-12-31,R01,K07,2,497399.1,1.0,1
C0367,2025-10-28,2025-12-31,2025-12-31,R04,K02,2,195862.63,1.0,1
C0368,2025-12-13,2025-12-31,2025-12-31,R01,K03,2,427889.04,1.0,1
C0369,2025-12-08,2025-12-31,2025-12-31,R02,K04,2,262255.56,1.0,1
C0370,2025-12-08,2025-12-31,2025-12-31,R01,K08,2,696793.91,1.0,1
C0371,2025-12-05,2025-12-31,2025-12-31,R08,K06,2,275407.6,1.0,1
C0372,2025-12-21,2025-12-31,2025-12-31,R08,K08,2,3094564.83,1.0,1
C0373,2025-12-31,2025-12-31,,R04,K05,1,206260.08,0.02,1
C0374,2025-12-31,2025-12-31,,R01,K02,1,509380.75,0.02,1
C0375,2025-12-13,2025-12-31,2025-12-31,R01,K11,2,388772.28,1.0,1
C0376,2025-12-22,2025-12-31,2025-12-31,R08,K12,2,1041726.47,1.0,1
C0377,2025-12-31,2025-12-31,,R03,K04,1,248114.78,0.058,1
C0378,2025-12-13,2025-12-31,2025-12-31,R02,K02,2,686900.06,1.0,1
C0379,2025-12-31,2025-12-31,,R08,K12,1,787391.26,0.02,1
C0380,2025-12-31,2025-12-31,,R03,K10,1,590033.71,0.02,1
C0381,2025-12-31,2025-12-31,,R01,K10,1,235415.01,0.02,1
C0382,2025-12-31,2025-12-31,,R04,K06,1,164416.46,0.02,1
C0383,2025-12-31,2025-12-31,,R06,K10,3,1450292.26,0.02,1
C0384,2025-12-31,2025-12-31,,R04,K01,1,178491.64,0.02,1
C0385,2025-12-31,2025-12-31,,R08,K06,1,509954.39,0.02,1
C0386,2025-12-31,2025-12-31,,R04,K03,4,1123956.93,0.02,1
C0387,2025-12-31,2025-12-31,,R01,K03,3,352404.91,0.02,0
C0388,2025-12-31,2025-12-31,,R07,K06,1,551632.77,0.109,1
C0389,2025-12-31,2025-12-31,,R04,K01,3,529686.79,0.054,1
C0390,2025-12-31,2025-12-31,,R05,K03,1,379682.3,0.032,1
C0391,2025-12-31,2025-12-31,,R04,K03,1,823799.08,0.02,1
C0392,2025-12-31,2025-12-31,,R08,K04,3,882402.32,0.035,0
C0393,2025-12-31,2025-12-31,,R05,K11,3,449958.3,0.02,1
C0394,2025-12-31,2025-12-31,,R02,K03,1,231127.85,0.02,1
C0395,2025-12-31,2025-12-31,,R04,K04,1,1798298.79,0.023,1
C0396,2025-12-31,2025-12-31,,R03,K07,1,825866.33,0.02,1
C0397,2025-12-31,2025-12-31,,R03,K01,1,394151.15,0.02,1
C0398,2025-12-31,2025-12-31,,R07,K10,3,696932.05,0.02,1
C0399,2025-12-31,2025-12-31,,R03,K12,3,189314.61,0.02,1
C0400,2025-12-31,2025-12-31,,R01,K02,1,614210.74,0.02,1
C0401,2025-12-31,2025-12-31,,R07,K03,1,758107.57,0.02,1
C0402,2025-12-31,2025-12-31,,R03,K01,1,288198.47,0.02,1
C0403,2025-12-31,2025-12-31,,R01,K08,1,303708.32,0.02,1
C0404,2025-12-31,2025-12-31,,R08,K05,3,401208.43,0.039,1
C0405,2025-12-31,2025-12-31,,R08,K03,1,690331.17,0.02,1
C0406,2025-12-31,2025-12-31,,R01,K02,3,332565.34,0.02,0
C0407,2025-12-31,2025-12-31,,R01,K10,1,949419.76,0.02,1
C0408,2025-12-31,2025-12-31,,R08,K01,4,735360.14,0.02,1
C0409,2025-12-31,2025-12-31,,R07,K07,1,755008.28,0.024,1
C0410,2025-12-31,2025-12-31,,R07,K04,1,3376599.01,0.02,1
C0411,2025-12-31,2025-12-31,,R05,K02,3,397004.07,0.02,0
C0412,2025-12-31,2025-12-31,,R04,K07,1,266888.32,0.023,1
C0413,2025-12-31,2025-12-31,,R05,K03,1,760420.99,0.02,1
